candidate_entity,o,r,s
"e:提利昂・兰尼斯特,e:詹姆・兰尼斯特,e:提瑞克・兰尼斯特,e:兰尼斯港的兰尼斯特家族,e:戴瑞城的兰尼斯特家族",兰尼斯港的兰尼斯特家族，戴瑞城的兰尼斯特家族,r:分支家族,e:兰尼斯特家族
"e:凯斯德利家族,e:峭岩城",凯斯德利家族（英雄纪元时消亡）,r:执政者,e:凯岩城
"e:提利昂・兰尼斯特,e:詹姆・兰尼斯特,e:戴瑞城的兰尼斯特家族,e:兰尼斯特家族,e:凯冯・兰尼斯特,e:峭岩城",兰尼斯特家族，封建领主,r:执政者,e:凯岩城
"e:琼恩・雪诺,e:渥特（守夜人）",守夜人,r:势力,e:阿贝特
"e:阿德里安・赛提加,e:阿德里安・赛提加,e:桑塔加家族",蟹岛,r:封地,e:赛提加家族
"e:史坦尼斯・拜拉席恩,e:龙石岛的拜拉席恩家族",龙石岛的拜拉席恩家族，封建领主,r:执政者,e:龙石岛
"e:戴尔・卓鼓,e:斯帕家族,e:邓斯坦・卓鼓,e:宇家族,e:卓克斯家族",邓斯坦・卓鼓伯爵,r:现任领主,e:卓鼓家族
"e:席恩・葛雷乔伊,e:马伦・葛雷乔伊,e:攸伦・葛雷乔伊",攸伦・葛雷乔伊三世,r:现任领主,e:葛雷乔伊家族
e:席恩・葛雷乔伊,无,r:效忠于,e:葛雷乔伊家族
"e:葛雷艾恩家族,e:派克顿家族,e:派克岛",葛雷艾恩家族（安达尔人入侵时消亡）,r:执政者,e:派克城
"e:霍尔家族,e:派克顿家族,e:派克岛",霍尔家族（征服战争时消亡）,r:执政者,e:派克城
"e:临冬城,e:艾莉亚・史塔克,e:艾林家族,e:布兰・史塔克,e:艾德・卡史塔克,e:克林顿家族,e:卡史塔克家族",临冬城，卡林湾,r:封地,e:史塔克家族
"e:艾莉亚・史塔克,e:布兰・史塔克,e:艾德・卡史塔克,e:卡史塔克家族",灰史塔克家族，卡史塔克家族,r:分支家族,e:史塔克家族
e:海塔尔家族,海塔尔家族,r:势力,e:雷顿・海塔尔
e:雷娅・佛罗伦,雷娅・佛罗伦,r:配偶,e:雷顿・海塔尔
"e:园丁家族,e:高夫",园丁家族（征服战争时消亡）,r:执政者,e:高庭
"e:提利尔家族,e:高尔家族,e:高夫",提利尔家族，封建领主,r:执政者,e:高庭
"e:玛格丽・提利尔,e:洛拉斯・提利尔,e:罗斯・提利尔",罗斯・提利尔公爵,r:父亲,e:梅斯・提利尔
"e:玛格丽・提利尔,e:洛拉斯・提利尔,e:维拉斯・提利尔,e:维拉尔,e:罗斯・提利尔",维拉斯,r:子嗣,e:梅斯・提利尔
"e:玛格丽・提利尔,e:洛拉斯・提利尔,e:加兰・提利尔,e:加兰・提利尔,e:加尔斯・提利尔,e:罗斯・提利尔,e:加兰多",加兰,r:子嗣,e:梅斯・提利尔
"e:玛格丽・提利尔,e:洛拉斯・提利尔,e:贾昆・赫加尔,e:罗斯・提利尔",洛拉斯,r:子嗣,e:梅斯・提利尔
"e:玛格丽・提利尔,e:洛拉斯・提利尔,e:玛丽,e:罗斯・提利尔",玛格丽,r:子嗣,e:梅斯・提利尔
"e:乔佛里・拜拉席恩,e:劳勃・拜拉席恩",劳勃・拜拉席恩（官方）,r:父亲,e:托曼・拜拉席恩
"e:瑟曦・兰尼斯特,e:詹姆・兰尼斯特,e:乔佛里・拜拉席恩,e:托曼・兰尼斯特一世,e:托曼・徒利,e:史坦尼斯・拜拉席恩,e:劳勃・拜拉席恩",詹姆・兰尼斯特（事实）,r:父亲,e:托曼・拜拉席恩
"e:乔佛里・拜拉席恩,e:君临的拜拉席恩家族,e:劳勃・拜拉席恩",拜拉席恩家族,r:王室,e:托曼・拜拉席恩
"e:玛格丽・提利尔,e:梅斯・提利尔,e:曼斯・雷德,e:戴尼斯・雷德温,e:雷德温家族,e:罗斯・提利尔,e:奥斯蒙・提利尔,e:霍柏・雷德温,e:洁娜・提利尔",罗斯・提利尔公爵,r:配偶,e:奥莲娜・雷德温
"e:梅斯・提利尔,e:雷德温家族,e:奥斯,e:曼斯・雷德,e:戴尼斯・雷德温,e:霍柏・雷德温",梅斯,r:子嗣,e:奥莲娜・雷德温
"e:雷德温家族,e:米娜・提利尔,e:多娜・沙德,e:奥贝娜・沙德,e:霍柏・雷德温",米娜,r:子嗣,e:奥莲娜・雷德温
"e:雷德温家族,e:洁娜・提利尔,e:多娜・沙德,e:奥贝娜・沙德,e:霍柏・雷德温",洁娜,r:子嗣,e:奥莲娜・雷德温
"e:洛拉斯・提利尔,e:奥兰妮・提利尔,e:莱昂妮・佛索威,e:加尔斯・提利尔,e:埃萝・提利尔,e:哈兰・提利尔,e:简妮・佛索威,e:佐妮・佛雷",莱昂妮・佛索威夫人,r:配偶,e:加兰・提利尔
"e:乔佛里・拜拉席恩,e:托曼・拜拉席恩,e:洛拉斯・提利尔,e:蓝礼・拜拉席恩,e:梅歌・提利尔,e:TV:培提尔・拜拉席恩",第一任蓝礼・拜拉席恩,r:配偶,e:玛格丽・提利尔
"e:乔佛里・瓦列利安,e:乔佛里・拜拉席恩,e:乔佛里・戴恩,e:TV:培提尔・拜拉席恩,e:里奥・提利尔,e:托曼・拜拉席恩,e:洛拉斯・提利尔,e:梅歌・提利尔",第二任乔佛里・拜拉席恩,r:配偶,e:玛格丽・提利尔
"e:乔佛里・拜拉席恩,e:托曼・拜拉席恩,e:洛拉斯・提利尔,e:梅歌・提利尔,e:TV:培提尔・拜拉席恩,e:葛曼・提利尔",第三任托曼・拜拉席恩,r:配偶,e:玛格丽・提利尔
"e:奥莲娜・雷德温,e:法温家族",青亭岛,r:封地,e:雷德温家族
"e:琼恩・雪诺,e:伊班（守夜人）,e:阿尔夫・卡史塔克",守夜人,r:势力,e:阿尔夫
e:阿尔夫・卡史塔克,后党,r:势力,e:阿尔夫
"e:瑞卡德・卡史塔克,e:卡史塔克家族,e:霍尔城",卡史塔克家族，封建领主,r:执政者,e:卡霍城
"e:拉姆斯・波顿,e:拉姆斯・波顿,e:哈顿家族",恐怖堡,r:封地,e:波顿家族
"e:琼恩・史塔克,e:赛贡,e:亚丽・史塔克,e:托伦・卡史塔克",瑟恩的赛贡,r:配偶,e:亚丽・卡史塔克
"e:卢斯・波顿,e:贝拉・霍伍德,e:哈瑞斯・霍伍德,e:拉瓦斯・霍尔",第一任唐娜拉・霍伍德,r:配偶,e:拉姆斯・波顿
"e:席恩・史塔克,e:艾莉亚・史塔克,e:艾德・史塔克,e:班扬・史塔克,e:杰诺斯・史塔克,e:卢斯・波顿,e:乔拉・史塔克",第二任《艾莉亚・史塔克》,r:配偶,e:拉姆斯・波顿
"e:丹妮莉丝・坦格利安,e:伊耿・坦格利安（雷加之子）,e:雷加・坦格利安,e:红堡,e:瓦列利安家族",红堡（前）,r:封地,e:坦格利安家族
"e:丹妮莉丝・坦格利安,e:龙石岛,e:伊耿・坦格利安（雷加之子）,e:雷加・坦格利安,e:瓦列利安家族",龙石岛（前）,r:封地,e:坦格利安家族
"e:丹妮莉丝・坦格利安,e:伊耿・坦格利安（雷加之子）,e:雷加・坦格利安,e:盛夏厅,e:瓦列利安家族",盛夏厅（前）,r:封地,e:坦格利安家族
"e:丹妮莉丝・坦格利安,e:雷妮丝・坦格利安,e:雷加・坦格利安,e:瓦列利安家族",丹妮莉丝・坦格利安女王,r:现任领主,e:坦格利安家族
"e:丹妮莉丝・坦格利安,e:瓦列利安家族,e:雷加・坦格利安",无,r:效忠于,e:坦格利安家族
"e:丹妮莉丝・坦格利安（伊耿四世之女）,e:丹妮莉丝・坦格利安,e:伊耿・坦格利安一世,e:伊耿・坦格利安二世,e:戴伦・坦格利安（梅卡一世之子）,e:戴伦・坦格利安二世,e:秃鹰王（戴伦二世）",戴伦二世,r:继承人,e:伊耿・坦格利安四世
"e:丹妮莉丝・坦格利安（伊耿四世之女）,e:丹妮莉丝・坦格利安,e:伊耿・坦格利安一世,e:伊耿・坦格利安（伊里斯二世之子）,e:伊耿・坦格利安二世,e:伊蒙・坦格利安（韦赛里斯二世之子）,e:韦赛里斯・坦格利安二世,e:韦赛里斯・坦格利安,e:伊里斯・坦格利安二世",韦赛里斯二世,r:父亲,e:伊耿・坦格利安四世
"e:丹妮莉丝・坦格利安（伊耿四世之女）,e:丹妮莉丝・坦格利安,e:伊耿・坦格利安一世,e:伊耿・坦格利安二世,e:戴伦・坦格利安（梅卡一世之子）,e:戴伦・坦格利安二世,e:秃鹰王（戴伦二世）",戴伦二世,r:子嗣,e:伊耿・坦格利安四世
"e:丹妮莉丝・坦格利安,e:丹妮莉丝・坦格利安,e:伊耿・坦格利安一世,e:雷妮丝・坦格利安",丹妮莉丝,r:子嗣,e:伊耿・坦格利安四世
"e:丹妮莉丝・坦格利安（伊耿四世之女）,e:丹妮莉丝・坦格利安,e:伊耿・坦格利安一世,e:伊耿・坦格利安（雷加之子）,e:梅罗",其他众多私生子女,r:子嗣,e:伊耿・坦格利安四世
"e:伊蒙・坦格利安（梅卡一世之子）,e:伊耿・坦格利安四世,e:伊耿・坦格利安四世,e:戴蒙・坦格利安,e:伊纳尔・坦格利安",伊耿四世,r:配偶,e:奈丽诗・坦格利安
"e:伊蒙・坦格利安（韦赛里斯二世之子）,e:伊蒙・坦格利安（梅卡一世之子）,e:伊耿・坦格利安四世,e:伊耿・坦格利安（伊里斯二世之子）,e:伊耿・坦格利安二世,e:戴蒙・坦格利安,e:韦赛里斯・坦格利安二世,e:韦赛里斯・坦格利安",韦赛里斯二世,r:父亲,e:奈丽诗・坦格利安
"e:伊蒙・坦格利安（梅卡一世之子）,e:伊耿・坦格利安四世,e:戴蒙・坦格利安,e:丹妮莉丝・坦格利安,e:丹妮莉丝・坦格利安,e:雷妮丝・坦格利安",丹妮莉丝,r:子嗣,e:奈丽诗・坦格利安
"e:伊蒙・坦格利安（梅卡一世之子）,e:伊耿・坦格利安四世,e:戴蒙・坦格利安,e:戴伦・坦格利安（梅卡一世之子）,e:戴伦・万斯,e:戴伦・瓦列利安,e:戴伦・坦格利安一世",戴伦,r:子嗣,e:奈丽诗・坦格利安
"e:伊蒙・坦格利安（梅卡一世之子）,e:伊耿・坦格利安四世,e:伊耿・坦格利安（雷加之子）,e:戴蒙・坦格利安",夭折儿子,r:子嗣,e:奈丽诗・坦格利安
"e:布林登・河文,e:伊蒙・河文",次子团,r:势力,e:伊葛・河文
"e:布林登・河文,e:伊蒙・河文",黄金团,r:势力,e:伊葛・河文
"e:马里斯・黑火,e:伊耿・黑火,e:布林登・河文,e:梅拉萝・河文,e:伊蒙・河文",卡利拉・黑火,r:配偶,e:伊葛・河文
"e:瓦德・河文,e:三眼乌鸦,e:布林登・徒利,e:伊班（守夜人）",守夜人军团,r:势力,e:布林登・河文
"e:瓦德・河文,e:布林登・徒利,e:雄心",《洋心》西蕊,r:恋情,e:布林登・河文
"e:瓦德・河文,e:崔斯坦・河文,e:布林登・徒利",关文斯・河文,r:兄弟姐妹,e:布林登・河文
"e:丹妮莉丝・坦格利安,e:丹妮莉丝・坦格利安（伊耿四世之女）,e:贝勒・坦格利安（戴伦二世之子）,e:韦赛里斯・坦格利安（伊尼斯一世之子）,e:韦赛里斯・坦格利安一世,e:伊里斯・坦格利安二世,e:伊耿・坦格利安四世,e:伊耿・坦格利安四世,e:伊里斯・坦格利安一世,e:伊耿・坦格利安三世,e:伊耿・坦格利安一世",伊耿三世,r:父亲,e:贝勒・坦格利安一世
"e:丹妮莉丝・坦格利安,e:贝勒・坦格利安（戴伦二世之子）,e:韦赛里斯・坦格利安一世,e:伊里斯・坦格利安一世,e:伊耿・坦格利安一世",DaenaeraVelaryon,r:母亲,e:贝勒・坦格利安一世
"e:艾林家族,e:蜂巢城",艾林家族，封建领主,r:执政者,e:鹰巢城
"e:安雅・韦伍德,e:霍伍德家族",安雅・韦伍德伯爵夫人,r:现任领主,e:韦伍德家族
"e:安雅・韦伍德,e:霍伍德家族,e:莫顿・韦伍德,e:斯莫伍德家族",莫顿・韦伍德爵士,r:继承人,e:韦伍德家族
"e:莱安娜・史塔克,e:多诺・史塔克,e:班扬・史塔克,e:艾德・史塔克,e:瑞卡德・史塔克,e:希贝娜・洛克,e:唐纳・洛克",弥娜・洛克,r:配偶,e:艾德勒・史塔克
"e:培提尔・佛雷,e:徒利家族,e:贝尔摩家族,e:赫伦堡的贝里席家族,e:贝里斯,e:TV:培提尔・拜拉席恩",贝里席家族,r:势力,e:培提尔・贝里席
"e:莱莎・徒利,e:唐纳尔・艾林,e:阿莱莎・艾林,e:培提尔・佛雷",莱莎・艾林,r:配偶,e:培提尔・贝里席
e:达斯丁家族,灭亡,r:现任领主,e:园丁家族
e:达斯丁家族,无,r:效忠于,e:园丁家族
"e:加尔斯・园丁一世,e:达斯丁家族,e:加文・园丁",加尔斯・园丁,r:建立者,e:园丁家族
"e:醉女儿,e:艾德慕・徒利",三个女儿,r:子嗣,e:艾德敏・徒利
"e:奔流城,e:佛雷家族,e:提利尔家族,e:塔利家族",无（前为奔流城）,r:封地,e:徒利家族
"e:罗柏・史塔克,e:史塔克家族,e:塔利家族,e:佛雷家族,e:罗德利克・史塔克,e:史文家族,e:提利尔家族,e:罗德利克・史塔克（贝隆之子）",罗柏・史塔克（五王之战时）,r:效忠于,e:徒利家族
"e:凯特琳・徒利,e:莱莎・徒利,e:艾德敏・徒利",诸多河间地贵族,r:好友,e:艾德慕・徒利
"e:布兰・史塔克,e:班扬・史塔克,e:布兰登・史塔克（冰眼）",布兰（被认为已死）,r:继承人,e:罗柏・史塔克
"e:布兰・史塔克,e:艾莉亚・史塔克,e:艾德・史塔克,e:班扬・史塔克",艾德・史塔克公爵,r:父亲,e:罗柏・史塔克
"e:汤姆・考德,e:托马德",无旗兄弟会,r:势力,e:七弦汤姆
"e:詹姆・佛雷,e:徒利家族,e:布雷肯家族,e:奔流城的佛雷家族,e:喀雷家族",请参阅佛雷家族继承顺序,r:继承人,e:佛雷家族
"e:琼恩・安柏（大琼恩）,e:琼恩・艾林,e:伊班（守夜人）",守夜人,r:势力,e:琼恩・雪诺
"e:罗柏・史塔克,e:班扬・史塔克,e:简妮・史文,e:简妮・维水,e:哈罗德・维斯特林,e:加文・维斯特林",北境之王罗柏・史塔克,r:配偶,e:简妮・维斯特林
"e:艾德慕・徒利,e:莱莎・徒利,e:霍斯特・徒利",无旗兄弟会,r:势力,e:凯特琳・徒利
"e:艾德慕・徒利,e:莱莎・徒利,e:霍斯特・徒利,e:培提尔・佛雷,e:培提尔・贝里席",培提尔・贝里席（曾经）,r:好友,e:凯特琳・徒利
"e:瓦德・佛雷（小瓦德）,e:瓦德・佛雷（黑）,e:詹姆・佛雷,e:佛雷家族,e:大瓦德・佛雷",参见佛雷家族继承顺序,r:继承人,e:瓦德・佛雷
"e:瓦德・佛雷（小瓦德）,e:大瓦德・佛雷,e:瓦德・佛雷（黑）,e:皮雅・佛雷,e:瓦德・凡斯,e:皮雅・罗伊斯",第一任皮雅・罗伊斯,r:配偶,e:瓦德・佛雷
"e:瓦德・佛雷（小瓦德）,e:简妮・史文,e:瓦德・佛雷（黑）,e:大瓦德・佛雷,e:佐妮・佛雷,e:瓦德・河文,e:赛蕊妮・史文",第二任赛蕊妮・史文,r:配偶,e:瓦德・佛雷
"e:瓦德・佛雷（小瓦德）,e:阿蕊丽・佛雷,e:瓦德・佛雷（黑）,e:亚丽・佛雷,e:阿伍德・佛雷,e:瓦德・古柏克,e:李勒・克雷赫,e:詹姆・佛雷,e:大瓦德・佛雷,e:梅里・佛雷,e:阿梅丽・克雷赫,e:梅珊・克雷赫",第三任阿梅丽・克雷赫,r:配偶,e:瓦德・佛雷
"e:瓦德・佛雷（小瓦德）,e:瓦德・佛雷（黑）,e:莱曼・佛雷,e:阿莱莎・布莱伍德,e:瓦德・布拉克斯,e:班吉寇・布莱伍德,e:罗兰德・布莱伍德,e:劳勃・布莱伍德,e:大瓦德・佛雷,e:阿伍德・佛雷,e:罗德利克・布莱伍德,e:艾德蒙・布莱伍德",第四任阿莱莎・布莱伍德,r:配偶,e:瓦德・佛雷
"e:瓦德・佛雷（小瓦德）,e:瓦德・佛雷（黑）,e:瓦德・河文,e:大瓦德・佛雷,e:莎娅・河安",第五任莎娅・河安,r:配偶,e:瓦德・佛雷
"e:瓦德・佛雷（小瓦德）,e:简妮・罗斯坦,e:瓦德・佛雷（黑）,e:大瓦德・佛雷,e:佐妮・佛雷,e:瓦德・凡斯,e:蓓珊妮・罗斯比,e:蓓珊妮・布雷肯",第六任蓓珊妮・罗斯比,r:配偶,e:瓦德・佛雷
"e:瓦德・佛雷（小瓦德）,e:大瓦德・佛雷,e:瓦德・佛雷（黑）,e:安德鲁・佛雷,e:瓦德・凡斯,e:安娜娜・法林,e:拜兰・法林,e:乔安娜・佛雷",第七任安娜娜・法林,r:配偶,e:瓦德・佛雷
"e:瓦德・佛雷（小瓦德）,e:瓦德・佛雷（黑）,e:大瓦德・佛雷,e:乔苏珊・恩佛德,e:泰珊・佛雷",第八任乔苏珊・恩佛德,r:配偶,e:瓦德・佛雷
"e:瓦德・佛雷（小瓦德）,e:艾德温・佛雷,e:瓦德・佛雷（黑）,e:艾德慕・徒利,e:大瓦德・佛雷",艾德慕・徒利（曾经）,r:封君,e:瓦德・佛雷
"e:山姆威尔・戴恩,e:琼恩・雪诺,e:伊班（守夜人）",守夜人,r:势力,e:山姆威尔・塔利
"e:琼恩・雪诺,e:伊班（守夜人）,e:瑞卡德・索恩",守夜人,r:势力,e:艾里沙・索恩
"e:霍索恩家族,e:瑞卡德・索恩",索恩家族,r:势力,e:艾里沙・索恩
"e:艾德・卡史塔克,e:琼恩・史塔克,e:瑞卡德・史塔克,e:瑞肯・史塔克,e:班扬・史塔克",瑞卡德・史塔克公爵,r:父亲,e:艾德・史塔克
"e:艾德・卡史塔克,e:大罗柏,e:罗柏・史塔克,e:瑞卡德・史塔克,e:提利昂・兰尼斯特,e:罗德威・史塔克,e:班扬・史塔克",罗柏,r:子嗣,e:艾德・史塔克
"e:艾德・卡史塔克,e:珊莎・史塔克,e:班扬・史塔克,e:瑞卡德・史塔克",珊莎,r:子嗣,e:艾德・史塔克
"e:艾德・卡史塔克,e:艾莉亚・史塔克,e:艾莉亚・史塔克,e:艾隆・史塔克,e:瑞卡德・史塔克,e:艾德勒・史塔克,e:班扬・史塔克",艾莉亚,r:子嗣,e:艾德・史塔克
e:布兰・史塔克,布兰,r:子嗣,e:艾德・史塔克
"e:艾德・卡史塔克,e:珊莎・史塔克（瑞肯之女）,e:瑞卡德・史塔克,e:瑞肯・史塔克,e:班扬・史塔克",瑞肯,r:子嗣,e:艾德・史塔克
"e:艾德・卡史塔克,e:珊莎・史塔克（瑞肯之女）,e:瑞卡德・史塔克（国王）,e:瑞卡德・史塔克,e:薇拉,e:布兰登・史塔克（冰眼）,e:乔拉・史塔克,e:班扬・史塔克,e:班扬・史塔克（公爵）",薇拉（流言）,r:恋情,e:艾德・史塔克
"e:艾德・卡史塔克,e:珊莎・史塔克（瑞肯之女）,e:瑞卡德・史塔克（国王）,e:瑞卡德・史塔克,e:布兰登・史塔克（冰眼）,e:班扬・史塔克,e:班扬・史塔克（公爵）",渔夫之女（流言）,r:恋情,e:艾德・史塔克
"e:徒利家族,e:奔流城的佛雷家族",徒利家族（五王之战时被放逐）,r:执政者,e:奔流城
"e:佛雷家族,e:奔流城的佛雷家族",奔流城的佛雷家族，封建领主,r:执政者,e:奔流城
"e:劳勃・艾林,e:史坦尼斯・拜拉席恩,e:蓝礼・拜拉席恩,e:琼恩・雪诺,e:戴蒙・沙德",十六名劳勃的私生子,r:子嗣,e:劳勃・拜拉席恩
"e:劳勃・艾林,e:劳勃・布拉克斯,e:史坦尼斯・拜拉席恩,e:蓝礼・拜拉席恩,e:君临的拜拉席恩家族",拜拉席恩家族,r:王室,e:劳勃・拜拉席恩
"e:劳勃・艾林,e:劳勃・斯壮,e:史蒂芬・拜拉席恩,e:史坦尼斯・拜拉席恩,e:史坦尼斯・席渥斯,e:蓝礼・拜拉席恩",史坦尼斯,r:兄弟姐妹,e:劳勃・拜拉席恩
"e:劳勃・艾林,e:史坦尼斯・拜拉席恩,e:蓝礼・诺科斯,e:蓝礼・拜拉席恩,e:加兰・提利尔",蓝礼,r:兄弟姐妹,e:劳勃・拜拉席恩
"e:詹姆・佛雷,e:瑟曦・兰尼斯特,e:罗兰・克雷赫（御林铁卫）",御林铁卫,r:势力,e:詹姆・兰尼斯特
"e:罗伊斯家族,e:伊根家族,e:塔斯家族,e:斯维特家族,e:尤斯塔斯・杭特,e:伊恩・杭特,e:亨特家族",尤斯塔斯・杭特爵士,r:继承人,e:杭特家族
"e:史坦尼斯・拜拉席恩,e:劳勃・拜拉席恩,e:君临的拜拉席恩家族",拜拉席恩家族,r:势力,e:史蒂芬・拜拉席恩
"e:史坦尼斯・拜拉席恩,e:劳勃・拜拉席恩,e:蒙德・拜拉席恩",蒙德・拜拉席恩公爵,r:父亲,e:史蒂芬・拜拉席恩
"e:史坦尼斯・拜拉席恩,e:劳勃・佛花,e:劳勃・拜拉席恩",劳勃,r:子嗣,e:史蒂芬・拜拉席恩
"e:史坦尼斯・席渥斯,e:史坦尼斯・拜拉席恩,e:劳勃・拜拉席恩",史坦尼斯,r:子嗣,e:史蒂芬・拜拉席恩
"e:史坦尼斯・拜拉席恩,e:劳勃・拜拉席恩,e:蓝礼・诺科斯,e:蓝礼・拜拉席恩,e:加兰・提利尔",蓝礼,r:子嗣,e:史蒂芬・拜拉席恩
"e:史坦尼斯・拜拉席恩,e:劳勃・拜拉席恩,e:雷加・坦格利安,e:史蒂芬・佛雷,e:雷蕾・坦格利安",雷蕾・坦格利安公主,r:母亲,e:史蒂芬・拜拉席恩
"e:琼恩・雪诺,e:琼恩・罗斯坦,e:琼恩・凡斯,e:简妮・艾林,e:珍妮・罗伊斯,e:约恩・罗伊斯,e:琼恩・克林顿,e:威玛・罗伊斯",第一任珍妮・罗伊斯,r:配偶,e:琼恩・艾林
"e:琼恩・雪诺,e:劳勃・艾林,e:琼恩・克林顿,e:露云娜・艾林",第二任露云娜・艾林,r:配偶,e:琼恩・艾林
"e:琼恩・雪诺,e:琼恩・林德利,e:阿莱莎・艾林,e:凯特琳・徒利,e:莱莎・徒利",第三任莱莎・徒利,r:配偶,e:琼恩・艾林
"e:丹妮莉丝・坦格利安,e:雷妮丝・坦格利安,e:伊纳尔・坦格利安,e:伊里斯・坦格利安二世,e:伊耿・坦格利安一世,e:雷拉・坦格利安",伊耿・坦格利安,r:继承人,e:雷加・坦格利安
"e:丹妮莉丝・坦格利安,e:琼恩・克林顿,e:雷加・佛雷,e:雷妮丝・坦格利安,e:雷拉・坦格利安,e:雷妮亚・坦格利安（戴蒙之女）,e:亚瑟・戴恩,e:亚莉珊・坦格利安",琼恩・克林顿、亚瑟・戴恩等,r:好友,e:雷加・坦格利安
"e:艾德・史塔克,e:班扬・史塔克,e:莱安娜・史塔克（克雷根之女）,e:瑞卡德・史塔克,e:莱亚娜・史塔克",瑞卡德・史塔克公爵,r:父亲,e:莱安娜・史塔克
"e:艾德・史塔克,e:莱亚娜・史塔克,e:莱安娜・史塔克（克雷根之女）",LyarraStark,r:母亲,e:莱安娜・史塔克
"e:提利昂・兰尼斯特,e:詹姆・兰尼斯特,e:泰陀斯・兰尼斯特",詹姆，267AC至281AC,r:继承人,e:泰温・兰尼斯特
"e:提利昂・兰尼斯特,e:詹姆・兰尼斯特,e:泰陀斯・兰尼斯特,e:杰森・兰尼斯特（杰洛之子）,e:泰伯特・兰尼斯特（凯岩王）",（宣誓放弃）,r:继承人,e:泰温・兰尼斯特
"e:提利昂・兰尼斯特,e:詹姆・兰尼斯特,e:泰陀斯・兰尼斯特,e:提恩・兰尼斯特",提利昂，281AC至300AC,r:继承人,e:泰温・兰尼斯特
"e:提利昂・兰尼斯特,e:詹姆・兰尼斯特,e:泰陀斯・兰尼斯特,e:杰森・兰尼斯特（杰洛之子）,e:泰伯特・兰尼斯特（凯岩王）",（被褫夺）,r:继承人,e:泰温・兰尼斯特
"e:提利昂・兰尼斯特,e:詹姆・兰尼斯特,e:泰陀斯・兰尼斯特",泰陀斯・兰尼斯特公爵,r:父亲,e:泰温・兰尼斯特
"e:提利昂・兰尼斯特,e:詹姆・兰尼斯特,e:詹姆・佛雷,e:泰陀斯・兰尼斯特",詹姆,r:子嗣,e:泰温・兰尼斯特
"e:提利昂・兰尼斯特,e:詹姆・兰尼斯特,e:瑟曦・佛雷,e:瑟曦・兰尼斯特,e:泰陀斯・兰尼斯特",瑟曦,r:子嗣,e:泰温・兰尼斯特
"e:提利昂・兰尼斯特,e:提利昂・兰尼斯特四世,e:提利昂・制革匠,e:亚梭尔・亚亥,e:提恩・兰尼斯特,e:詹姆・兰尼斯特,e:泰陀斯・兰尼斯特",提利昂,r:子嗣,e:泰温・兰尼斯特
"e:提利昂・兰尼斯特,e:提利昂・兰尼斯特三世,e:罗拔・罗伊斯二世,e:詹姆・兰尼斯特,e:詹姆・兰尼斯特,e:伊里斯・坦格利安二世,e:乔佛里・兰尼斯特,e:瓦里斯,e:托曼・兰尼斯特二世,e:泰陀斯・兰尼斯特",伊里斯二世,r:封君,e:泰温・兰尼斯特
"e:提利昂・兰尼斯特,e:提利昂・兰尼斯特三世,e:罗拔・罗伊斯二世,e:詹姆・兰尼斯特,e:詹姆・兰尼斯特,e:伊里斯・坦格利安二世,e:乔佛里・兰尼斯特,e:瓦里斯,e:托曼・兰尼斯特二世,e:泰陀斯・兰尼斯特",伊里斯二世,r:好友,e:泰温・兰尼斯特
"e:提利昂・兰尼斯特,e:提利昂・兰尼斯特三世,e:罗拔・罗伊斯二世,e:詹姆・兰尼斯特,e:詹姆・兰尼斯特,e:伊里斯・坦格利安二世,e:乔佛里・兰尼斯特,e:瓦里斯,e:托曼・兰尼斯特二世,e:泰陀斯・兰尼斯特",伊里斯二世,r:不和,e:泰温・兰尼斯特
"e:提利昂・兰尼斯特,e:泰温・兰尼斯特,e:乔佛里・兰尼斯特,e:杰森・兰尼斯特,e:吉娜・兰尼斯特",杰森・兰尼斯特爵士,r:父亲,e:乔安娜・兰尼斯特
"e:提利昂・兰尼斯特,e:泰温・兰尼斯特,e:詹姆・佛雷,e:詹姆・兰尼斯特,e:吉娜・兰尼斯特,e:乔佛里・兰尼斯特",詹姆,r:子嗣,e:乔安娜・兰尼斯特
"e:提利昂・兰尼斯特,e:吉娜・兰尼斯特,e:泰温・兰尼斯特,e:瑟曦・佛雷,e:瑟曦・兰尼斯特,e:乔佛里・兰尼斯特",瑟曦,r:子嗣,e:乔安娜・兰尼斯特
"e:提利昂・兰尼斯特四世,e:提利昂・制革匠,e:提利昂・兰尼斯特,e:亚梭尔・亚亥,e:吉娜・兰尼斯特,e:泰温・兰尼斯特,e:提恩・兰尼斯特,e:吉利安・兰尼斯特",提利昂,r:子嗣,e:乔安娜・兰尼斯特
"e:提利昂・兰尼斯特,e:泰温・兰尼斯特,e:乔佛里・兰尼斯特,e:佛勒・普莱斯特,e:拉娜・兰尼斯特",玛拉・普莱斯特,r:母亲,e:乔安娜・兰尼斯特
"e:布兰・史塔克,e:艾德・史塔克,e:瑞卡德・史塔克（国王）,e:莱安娜・史塔克",LyarraStark,r:配偶,e:瑞卡德・史塔克
"e:布兰・史塔克,e:艾德・史塔克,e:艾德勒・史塔克,e:瑞卡德・史塔克（国王）",艾德勒・史塔克公爵,r:父亲,e:瑞卡德・史塔克
"e:布兰・史塔克,e:布兰・史塔克,e:布兰登・诺瑞,e:艾德・史塔克,e:布兰登・史塔克,e:瑞卡德・史塔克（国王）",布兰登,r:子嗣,e:瑞卡德・史塔克
"e:布兰・史塔克,e:艾德・史塔克,e:瑞卡德・史塔克（国王）",艾德,r:子嗣,e:瑞卡德・史塔克
"e:布兰・史塔克,e:艾德・史塔克,e:莱安,e:莱安娜・史塔克,e:瑞卡德・史塔克（国王）",莱安娜,r:子嗣,e:瑞卡德・史塔克
"e:布兰・史塔克,e:瑞肯・史塔克（班扬之子）,e:瑞卡德・史塔克（国王）,e:班扬・史塔克,e:艾德・史塔克,e:班扬・史塔克（甜蜜的）,e:班扬・史塔克",班扬,r:子嗣,e:瑞卡德・史塔克
"e:布兰・史塔克,e:瑞卡德・史塔克（国王）,e:班扬・史塔克,e:艾德・史塔克,e:希贝娜・洛克,e:唐纳・洛克,e:莱安娜・史塔克",弥娜・洛克,r:母亲,e:瑞卡德・史塔克
"e:戴佛斯・戴恩,e:乌瑞克・戴恩",无旗兄弟会,r:势力,e:艾德瑞克・戴恩
"e:崔斯丹・马泰尔,e:昆廷・马泰尔,e:道朗・马泰尔,e:马尔寇家族,e:帕尔家族",道朗・马泰尔亲王,r:现任领主,e:马泰尔家族
"e:崔斯丹・马泰尔,e:昆廷・马泰尔,e:莫甘・马泰尔,e:马尔寇家族,e:帕尔家族",父系莫甘・马泰尔,r:建立者,e:马泰尔家族
"e:崔斯丹・马泰尔,e:伊莉亚・马泰尔,e:昆廷・马泰尔,e:埃洛尔家族,e:娜梅莉亚,e:帕尔家族",母系洛伊拿的娜梅莉亚公主,r:建立者,e:马泰尔家族
"e:艾莉亚・史塔克,e:艾莉亚・史塔克,e:娜梅莉亚・沙德,e:伊莉亚・马泰尔,e:亚莲恩・马泰尔,e:道朗・马泰尔,e:莫尔斯・马泰尔",莫尔斯・马泰尔（第一任）,r:配偶,e:娜梅莉亚
"e:艾莉亚・史塔克,e:卡伦伯爵（戴伦二世）",乌勒伯爵（第二任）,r:配偶,e:娜梅莉亚
"e:艾莉亚・史塔克,e:娜梅莉亚・沙德,e:乔佛里・戴恩,e:戴佛斯・戴恩",戴佛斯・戴恩（第三任）,r:配偶,e:娜梅莉亚
"e:艾莉亚・史塔克,e:艾莉亚・史塔克,e:娜梅莉亚・沙德,e:伊莉亚・马泰尔,e:亚莲恩・马泰尔,e:道朗・马泰尔,e:莫尔斯・马泰尔",与莫尔斯・马泰尔四个女儿,r:子嗣,e:娜梅莉亚
"e:艾莉亚・史塔克,e:娜梅莉亚・沙德,e:戴佛斯・戴恩",与戴佛斯・戴恩至少一个儿子,r:子嗣,e:娜梅莉亚
"e:劳勃・拜拉席恩,e:艾德瑞克・戴恩,e:君临的拜拉席恩家族,e:风息堡的拜拉席恩家族,e:蒙德・拜拉席恩,e:TV:艾德瑞克・拜拉席恩",拜拉席恩家族,r:势力,e:艾德瑞克・风暴
"e:史坦尼斯・拜拉席恩,e:劳勃・拜拉席恩,e:博洛斯・拜拉席恩,e:乔斯琳・拜拉席恩",史坦尼斯・拜拉席恩一世,r:父亲,e:希琳・拜拉席恩
"e:伊里斯・坦格利安一世,e:瓦里斯,e:杰赫里斯・坦格利安二世",杰赫里斯二世,r:父亲,e:伊里斯・坦格利安二世
"e:伊里斯・坦格利安一世,e:丹妮莉丝・坦格利安,e:丹妮莉丝・坦格利安,e:雷妮丝・坦格利安,e:杰赫里斯・坦格利安二世",丹妮莉丝,r:子嗣,e:伊里斯・坦格利安二世
"e:伊里斯・坦格利安一世,e:雷加・佛雷,e:雷加・坦格利安,e:杰赫里斯・坦格利安二世",雷加,r:子嗣,e:伊里斯・坦格利安二世
"e:伊里斯・坦格利安一世,e:瓦里斯,e:杰赫里斯・坦格利安二世,e:韦赛里斯・坦格利安,e:韦赛里斯・坦格利安二世",韦赛里斯,r:子嗣,e:伊里斯・坦格利安二世
"e:卡珊娜・伊斯蒙,e:巴尔艾蒙家族,e:塔斯家族,e:伊斯兰家族,e:埃尔顿・伊斯蒙,e:埃林・伊斯蒙",埃尔顿・伊斯蒙伯爵,r:现任领主,e:伊斯蒙家族
"e:卡珊娜・伊斯蒙,e:劳勃・拜拉席恩,e:君临的拜拉席恩家族,e:史坦尼斯・拜拉席恩,e:杜恩家族,e:伊斯兰家族,e:塔斯家族,e:席渥斯家族",拜拉席恩家族,r:效忠于,e:伊斯蒙家族
"e:卡珊娜・伊斯蒙,e:塔斯家族,e:伊蒙・伊斯蒙,e:伊斯兰家族",伊蒙・伊斯蒙爵士,r:继承人,e:伊斯蒙家族
"e:提利昂・兰尼斯特三世,e:杰森・兰尼斯特（杰洛之子）",次子团,r:势力,e:提利昂・兰尼斯特
"e:提利昂・兰尼斯特三世,e:泰温・兰尼斯特,e:泰莎",第一任，泰莎,r:配偶,e:提利昂・兰尼斯特
"e:提利昂・制革匠,e:提利昂・兰尼斯特三世,e:瑟曦・兰尼斯特,e:提恩・兰尼斯特,e:珊莎・史塔克,e:莎琳娜・兰尼斯特,e:艾里昂・史塔克,e:罗德利克・史塔克,e:班扬・史塔克,e:卢西昂・兰尼斯特,e:吉利安・兰尼斯特",第二任，珊莎・史塔克,r:配偶,e:提利昂・兰尼斯特
"e:蓝礼・拜拉席恩,e:史坦尼斯・席渥斯,e:希琳・佛雷,e:希琳・拜拉席恩,e:乔斯琳・拜拉席恩,e:博洛斯・拜拉席恩",希琳,r:子嗣,e:史坦尼斯・拜拉席恩
"e:蓝礼・拜拉席恩,e:史坦尼斯・席渥斯,e:史蒂芬・拜拉席恩,e:君临的拜拉席恩家族,e:博洛斯・拜拉席恩",拜拉席恩家族,r:王室,e:史坦尼斯・拜拉席恩
"e:亮水城,e:佛索威家族,e:罗宛家族,e:水曼家族,e:卡伦家族",被驱逐（前为亮水城）,r:封地,e:佛罗伦家族
"e:丹妮莉丝・坦格利安,e:雷妮拉・坦格利安,e:雷加・坦格利安",莎亚拉・坦格利安,r:母亲,e:雷拉・坦格利安
e:史铎克渥斯家族,史铎克渥斯家族,r:势力,e:波隆
e:洛丽丝・史铎克渥斯,洛丽丝・史铎克渥斯,r:配偶,e:波隆
"e:乔佛里・瓦列利安,e:托曼・兰尼斯特一世,e:托曼・徒利,e:托曼・拜拉席恩,e:乔斯琳・拜拉席恩",托曼一世,r:继承人,e:乔佛里・拜拉席恩
"e:乔佛里・瓦列利安,e:托曼・拜拉席恩,e:劳勃・拜拉席恩,e:乔斯琳・拜拉席恩",劳勃・拜拉席恩（官方）,r:父亲,e:乔佛里・拜拉席恩
"e:提利昂・兰尼斯特,e:乔斯琳・拜拉席恩,e:瑟曦・兰尼斯特,e:乔佛里・瓦列利安,e:詹姆・兰尼斯特,e:托曼・拜拉席恩,e:史坦尼斯・拜拉席恩,e:乔佛里・兰尼斯特,e:乔佛里・戴恩",詹姆・兰尼斯特（事实）,r:父亲,e:乔佛里・拜拉席恩
"e:詹姆・兰尼斯特,e:简妮・维斯特林,e:简妮・罗斯坦,e:泰温・兰尼斯特,e:简妮・佛勒,e:丹尼斯・马尔布兰,e:亚当・马尔布兰,e:泰陀斯・兰尼斯特",泰陀斯・兰尼斯特公爵,r:配偶,e:简妮・马尔布兰
"e:简妮・佛勒,e:埃林・马尔布兰,e:布兰・史塔克",埃林・马尔布兰伯爵,r:父亲,e:简妮・马尔布兰
"e:简妮・佛勒,e:泰温・佛雷,e:泰温・兰尼斯特,e:泰,e:亚当・马尔布兰",泰温,r:子嗣,e:简妮・马尔布兰
"e:简妮・佛勒,e:凯勒,e:亚当・马尔布兰,e:凯冯・兰尼斯特",凯冯,r:子嗣,e:简妮・马尔布兰
"e:简妮・佛勒,e:伊娜,e:亚当・马尔布兰,e:吉娜・兰尼斯特",吉娜,r:子嗣,e:简妮・马尔布兰
"e:简妮・维斯特林,e:简妮・佛勒,e:提盖特・兰尼斯特,e:马盖特,e:洛伦特・马尔布兰,e:亚当・马尔布兰",提盖特,r:子嗣,e:简妮・马尔布兰
"e:简妮・佛勒,e:古利安,e:亚当・马尔布兰,e:吉利安・兰尼斯特",吉利安,r:子嗣,e:简妮・马尔布兰
"e:伊里斯・坦格利安二世,e:伊里斯・坦格利安二世,e:罗拔・罗伊斯二世",伊里斯二世,r:继承人,e:杰赫里斯・坦格利安二世
"e:伊耿・坦格利安一世,e:伊里斯・坦格利安二世,e:伊耿・坦格利安二世,e:雷拉・坦格利安,e:亚莉珊・坦格利安,e:雷加・坦格利安",莎亚拉・坦格利安,r:配偶,e:杰赫里斯・坦格利安二世
"e:伊耿・坦格利安一世,e:伊耿・坦格利安一世,e:伊里斯・坦格利安二世,e:伊耿・坦格利安五世,e:伊耿・坦格利安二世,e:杰赫里斯・坦格利安（伊耿二世之子）",伊耿五世,r:父亲,e:杰赫里斯・坦格利安二世
"e:伊里斯・坦格利安二世,e:伊里斯・坦格利安二世,e:瓦里斯",伊里斯,r:子嗣,e:杰赫里斯・坦格利安二世
"e:伊里斯・坦格利安二世,e:伊耿・坦格利安（雷加之子）,e:雷拉・坦格利安,e:雷加・坦格利安,e:凯拉",雷拉,r:子嗣,e:杰赫里斯・坦格利安二世
"e:山姆威尔・塔利,e:狄肯・塔利,e:托曼・兰尼斯特一世,e:托曼・徒利",托曼一世,r:势力,e:蓝道・塔利
"e:山姆威尔・塔利,e:狄肯・塔利",河湾地,r:势力,e:蓝道・塔利
"e:班扬・史塔克,e:艾隆・史塔克,e:莱亚娜・史塔克,e:艾德温・史塔克,e:亚丽・史塔克,e:艾德・史塔克,e:艾德利克・史塔克",塞丽娜・史塔克,r:配偶,e:艾德瑞克・史塔克
"e:班扬・史塔克,e:艾隆・史塔克,e:艾德利克・史塔克,e:克雷根・史塔克,e:艾德・史塔克",克雷根・史塔克公爵,r:父亲,e:艾德瑞克・史塔克
"e:班扬・史塔克,e:艾隆・史塔克,e:克雷伦,e:克雷・赛文,e:艾德温・史塔克,e:克雷根・史塔克,e:艾德利克・史塔克,e:艾德・史塔克",克雷德,r:子嗣,e:艾德瑞克・史塔克
"e:托伦・史塔克,e:艾德利克・史塔克,e:托伦方城",托伦,r:子嗣,e:艾德瑞克・史塔克
"e:艾隆・史塔克,e:艾德温・史塔克,e:艾德利克・史塔克,e:艾莉亚・史塔克,e:艾莉亚・史塔克,e:艾德・史塔克",艾莉娜,r:子嗣,e:艾德瑞克・史塔克
"e:艾隆・史塔克,e:艾德温・史塔克,e:艾德利克・史塔克,e:艾瑞克,e:艾德・史塔克",艾吉娜儿,r:子嗣,e:艾德瑞克・史塔克
"e:乔拉・史塔克,e:班扬・史塔克,e:艾隆・史塔克,e:莱亚娜・史塔克,e:艾德温・史塔克,e:艾德・史塔克,e:艾德利克・史塔克",莱拉娜・史塔克,r:母亲,e:艾德瑞克・史塔克
"e:亚当・佛雷,e:达蒙・马尔布兰",达蒙・马尔布兰伯爵,r:父亲,e:亚当・马尔布兰
"e:琼恩・雪诺,e:渥特（守夜人）,e:乌瑟・托勒特",守夜人,r:势力,e:艾迪森・托勒特
"e:月门堡的罗伊斯家族,e:狱门堡",月门堡的罗伊斯家族，封建领主,r:执政者,e:月门堡
"e:夜王,e:艾耿・莱维尔",王族,r:势力,e:艾耿・艾摩若
"e:克连恩家族,e:艾吉伦・奥克赫特,e:艾雯・奥克赫特,e:赫威特家族",艾雯・奥克赫特夫人,r:现任领主,e:奥克赫特家族
"e:道朗・马泰尔,e:奥利法・马泰尔",次子团（前）,r:势力,e:奥柏伦・马泰尔
"e:诺勃特・凡斯,e:凯司・凡斯,e:埃菲娅・凡斯",诺勃特・凡斯伯爵,r:父亲,e:埃勒里・凡斯
"e:艾德慕・徒利,e:瓦德・凡斯,e:托曼・徒利,e:埃菲娅・凡斯",艾德慕・徒利公爵,r:好友,e:埃勒里・凡斯
"e:琼恩・安柏（大琼恩）,e:埃菲娅・凡斯,e:琼恩・凡斯",琼恩,r:兄弟姐妹,e:埃勒里・凡斯
"e:罗纳德・凡斯,e:瓦德・凡斯,e:埃菲娅・凡斯",罗纳德,r:兄弟姐妹,e:埃勒里・凡斯
"e:雨果・凡斯,e:埃菲娅・凡斯",雨果,r:兄弟姐妹,e:埃勒里・凡斯
"e:凯司・凡斯,e:埃菲娅・凡斯",凯司,r:兄弟姐妹,e:埃勒里・凡斯
"e:提盖特・兰尼斯特,e:泰温・兰尼斯特,e:提恩・兰尼斯特,e:劳勃・雷耶斯",第一任提恩・兰尼斯特,r:配偶,e:艾莲・雷耶斯
"e:塔贝克厅,e:瓦德伦・塔贝克,e:埃林・塔贝克,e:劳勃・雷耶斯",第二任瓦德伦・塔贝克,r:配偶,e:艾莲・雷耶斯
e:劳勃・雷耶斯,劳勃・雷耶斯伯爵,r:父亲,e:艾莲・雷耶斯
"e:塔贝克厅,e:埃林・塔贝克,e:罗杰・雷耶斯",罗翰妮・塔贝克,r:子嗣,e:艾莲・雷耶斯
"e:塔贝克厅,e:埃林・塔贝克,e:劳勃・雷耶斯,e:瑟蕾拉・兰尼斯特",瑟蕾拉・塔贝克,r:子嗣,e:艾莲・雷耶斯
"e:塔贝克厅,e:埃林・塔贝克,e:劳勃・雷耶斯,e:提恩・佛雷",提恩・塔贝克,r:子嗣,e:艾莲・雷耶斯
"e:卡斯特梅城,e:卡斯特,e:雷斯特,e:卡斯威家族,e:万斯家族",卡斯特梅,r:封地,e:雷耶斯家族
"e:琼恩・雪诺,e:伊班（守夜人）",守夜人,r:势力,e:玫瑰林的埃林
"e:埃林・亨特,e:埃琳妮・克林顿,e:琼恩・克林顿,e:罗兰・克雷赫（御林铁卫）",御林铁卫,r:势力,e:埃林・克林顿
"e:布兰・史塔克,e:达蒙・马尔布兰,e:简妮・马尔布兰,e:简妮・海德,e:简妮・佛勒",简妮,r:子嗣,e:埃林・马尔布兰
"e:琼恩・克林顿,e:劳勃・拜拉席恩,e:克连恩家族,e:君临的拜拉席恩家族,e:哈顿家族,e:分恩家族,e:派克顿家族",拜拉席恩家族,r:效忠于,e:克林顿家族
"e:琼恩・雪诺,e:罗兰・克林顿,e:琼恩・艾林",黄金团,r:势力,e:琼恩・克林顿
"e:琼恩・雪诺,e:琼恩・艾林,e:琼恩・林德利,e:伊纳尔・坦格利安,e:伊耿・黑火,e:罗兰・克林顿,e:伊蒙・坦格利安（梅卡一世之子）,e:伊耿・坦格利安（雷加之子）,e:伊耿・坦格利安五世,e:雷加・坦格利安",伊耿・坦格利安六世,r:势力,e:琼恩・克林顿
"e:琼恩・雪诺,e:琼恩・艾林,e:克林顿家族,e:罗纳德・克林顿,e:罗兰・克林顿,e:亚蒙德・克林顿",亚蒙德・克林顿伯爵,r:父亲,e:琼恩・克林顿
"e:加文・维斯特林,e:简妮・维斯特林",加文・维斯特林伯爵,r:父亲,e:艾琳妮亚・维斯特林
"e:加文・维斯特林,e:简妮・海德,e:简妮・维水,e:简妮・维斯特林",简妮,r:兄弟姐妹,e:艾琳妮亚・维斯特林
"e:加文・维斯特林,e:洛拉姆・维斯特林,e:简妮・维斯特林",洛拉姆,r:兄弟姐妹,e:艾琳妮亚・维斯特林
"e:加文・维斯特林,e:雷纳德・维伯,e:雷纳德・维斯特林,e:简妮・维斯特林",雷纳德,r:兄弟姐妹,e:艾琳妮亚・维斯特林
"e:加文・维斯特林,e:罗佛・斯派瑟",加文・维斯特林伯爵,r:配偶,e:希蓓儿・斯派瑟
"e:卡斯特梅城,e:卡斯特,e:万斯家族,e:卡斯威家族",卡斯特梅,r:封地,e:斯派瑟家族
e:塔斯家族,Parchments,r:封地,e:庞洛斯家族
"e:杜兰登家族,e:风息堡的拜拉席恩家族",杜兰登家族（征服战争时消亡）,r:执政者,e:风息堡
"e:蓝礼・拜拉席恩,e:君临的拜拉席恩家族,e:风息堡的拜拉席恩家族",拜拉席恩家族，封建领主,r:执政者,e:风息堡
e:波隆,黑水的波隆爵士,r:配偶,e:洛丽丝・史铎克渥斯
"e:史蒂芬・席渥斯,e:撒尔门・斯脱克皮,e:亚丽・斯脱克皮",撒尔门・斯脱克皮伯爵,r:父亲,e:史蒂芬・斯脱克皮
"e:史蒂芬・达克林,e:埃林・亨特,e:埃林・伊斯蒙,e:埃林・斯脱克皮",埃林,r:兄弟姐妹,e:史蒂芬・斯脱克皮
"e:埃林・亨特,e:米斯・托因,e:亚当・瓦列利安",黑党,r:势力,e:埃林・瓦列利安
"e:奥雷恩・维水,e:坦格利安家族",潮头岛,r:封地,e:瓦列利安家族
"e:奥克赫特家族,e:杜恩家族,e:红湖城",红湖,r:封地,e:克连恩家族
"e:艾莉亚・菲林特,e:珊莎・史塔克,e:布兰登・史塔克（失女者）,e:艾德・史塔克,e:领主（无面者）,e:弥丽亚・史塔克",无面者,r:势力,e:艾莉亚・史塔克
"e:艾莉亚・菲林特,e:珊莎・史塔克,e:艾德・史塔克,e:弥丽亚・史塔克",见艾莉亚的暗杀名单,r:不和,e:艾莉亚・史塔克
"e:琼恩・雪诺,e:艾隆・史塔克,e:伊班（守夜人）",守夜人,r:势力,e:艾隆
"e:伊班（守夜人）,e:梅龙",守夜人,r:势力,e:埃龙
"e:佛勒家族,e:赛提加家族,e:西蒙・桑塔加,e:加纳家族",西蒙・桑塔加爵士,r:现任领主,e:桑塔加家族
"e:托曼・科托因,e:米斯・托因,e:席奥・波林",第一任席奥・波林,r:配偶,e:埃萝・科托因
e:托曼・科托因,第二任梅葛一世,r:配偶,e:埃萝・科托因
e:托曼・科托因,与席奥三个孩子,r:子嗣,e:埃萝・科托因
"e:托曼・科托因,e:汤姆・科托因",与梅葛畸形死胎,r:子嗣,e:埃萝・科托因
"e:琼恩・雪诺,e:艾蒙・佛雷,e:伊班（守夜人）",守夜人,r:势力,e:艾蒙克
e:布兰顿・库伊,彩虹护卫,r:势力,e:埃蒙・库伊
"e:艾弥珊德・哈佛,e:哈佛城,e:雷德佛家族,e:凯佛家族",艾弥珊德・哈佛夫人,r:现任领主,e:哈佛家族
"e:徒利家族,e:幽谷城,e:绿林家族,e:梅林家族",绿谷城,r:封地,e:梅斗家族
"e:琼恩・威尔德,e:泰娜・威尔德,e:达蒙・瓦尔平",琼恩・威尔德爵士,r:配偶,e:爱亚娜・瓦尔平
"e:达蒙・瓦尔平,e:霍斯丁・佛雷,e:卢科斯・瓦尔平,e:佐妮・佛雷,e:伊尼斯・佛雷,e:卢琛・佛雷",卢科斯・瓦尔平伯爵,r:配偶,e:丽丝妮・佛雷
"e:罗德利克・哈尔洛,e:博蒙德・哈尔洛,e:何索・哈尔洛,e:哈尔洛厅",罗德利克・哈尔洛大人,r:现任领主,e:哈尔洛家族
"e:罗德利克・哈尔洛,e:何索・哈尔洛,e:哈尔洛厅,e:赫拉斯・哈尔洛",赫拉斯・哈尔洛爵士,r:继承人,e:哈尔洛家族
e:拉卡洛,拉赫洛,r:势力,e:艾泽黎诺
"e:伊班（守夜人）,e:瓦尔顿・温奇",守夜人,r:势力,e:阿拉达・温奇
"e:戴佛斯・席渥斯,e:桑格拉斯家族,e:史铎克渥斯家族,e:戴冯・席渥斯",戴佛斯・席渥斯爵士,r:现任领主,e:席渥斯家族
"e:戴佛斯・席渥斯,e:史坦尼斯・拜拉席恩,e:桑格拉斯家族,e:赫席家族,e:君临的拜拉席恩家族,e:万斯家族,e:分恩家族",拜拉席恩家族,r:效忠于,e:席渥斯家族
"e:戴佛斯・席渥斯,e:戴冯・席渥斯",戴佛斯・席渥斯爵士,r:配偶,e:玛瑞亚・席渥斯
"e:艾林・佛雷,e:阿莱莎・艾林,e:班吉寇・布莱伍德,e:罗兰德・布莱伍德,e:瓦德・佛雷,e:蜜利莎・布莱伍德,e:阿伍德・佛雷",瓦德・佛雷侯爵,r:配偶,e:阿莱莎・布莱伍德
"e:阿莱莎・瓦列利安,e:戴蒙・坦格利安,e:贝尔隆・坦格利安（伊里斯之子）,e:伊纳尔・坦格利安",贝尔隆・坦格利安,r:配偶,e:阿莱莎・坦格利安
"e:阿莱莎・瓦列利安,e:伊纳尔・坦格利安,e:戴蒙・坦格利安,e:伊耿・坦格利安一世",伊耿・坦格利安,r:子嗣,e:阿莱莎・坦格利安
"e:丹妮莉丝・坦格利安,e:雷加・坦格利安,e:韦赛里斯・坦格利安,e:丹尼斯・艾林,e:劳勃・艾林,e:艾林诺・庞洛斯,e:爱玛・艾林",第一任艾玛・艾林,r:配偶,e:韦赛里斯・坦格利安一世
"e:丹妮莉丝・坦格利安,e:雷加・坦格利安,e:韦赛里斯・坦格利安,e:丹妮斯・海塔尔,e:阿莉森・海塔尔,e:贝勒・海塔尔,e:亚莉珊・坦格利安,e:伦赛・海塔尔",第二任阿莉森・海塔尔,r:配偶,e:韦赛里斯・坦格利安一世
"e:丹妮莉丝・坦格利安,e:雷加・坦格利安,e:韦赛里斯・坦格利安,e:贝尔隆・坦格利安（伊里斯之子）,e:伊纳尔・坦格利安,e:贝勒・坦格利安一世",贝尔隆・坦格利安,r:父亲,e:韦赛里斯・坦格利安一世
"e:丹妮莉丝・坦格利安,e:雷加・坦格利安,e:韦赛里斯・坦格利安,e:妮拉,e:雷妮拉・坦格利安,e:雷拉・坦格利安",雷妮拉,r:子嗣,e:韦赛里斯・坦格利安一世
"e:丹妮莉丝・坦格利安,e:雷加・坦格利安,e:韦赛里斯・坦格利安,e:贝尔顿,e:马文・贝尔摩,e:贝尔隆・坦格利安（杰赫里斯一世之子）,e:贝勒・坦格利安一世,e:伊纳尔・坦格利安",贝尔隆,r:子嗣,e:韦赛里斯・坦格利安一世
"e:丹妮莉丝・坦格利安,e:雷加・坦格利安,e:韦赛里斯・坦格利安,e:戴伦・坦格利安（梅卡一世之子）,e:戴伦・万斯,e:戴伦・瓦列利安,e:戴伦・坦格利安一世,e:贝勒・坦格利安（戴伦二世之子）",戴伦,r:子嗣,e:韦赛里斯・坦格利安一世
"e:丹妮莉丝・坦格利安,e:雷加・坦格利安,e:韦赛里斯・坦格利安二世,e:韦赛里斯・坦格利安,e:伊耿・坦格利安一世,e:伊里斯・坦格利安二世,e:伊耿・坦格利安一世,e:伊耿・坦格利安二世",伊耿二世,r:子嗣,e:韦赛里斯・坦格利安一世
"e:丹妮莉丝・坦格利安,e:雷加・坦格利安,e:韦赛里斯・坦格利安（伊尼斯一世之子）,e:韦赛里斯・坦格利安,e:伊耿・坦格利安一世,e:伊里斯・坦格利安一世",一个早夭男孩,r:子嗣,e:韦赛里斯・坦格利安一世
"e:丹妮莉丝・坦格利安,e:雷加・坦格利安,e:韦赛里斯・坦格利安,e:戴伦・坦格利安一世,e:海伦娜・坦格利安,e:贝勒・坦格利安（戴伦二世之子）",海伦娜,r:子嗣,e:韦赛里斯・坦格利安一世
"e:丹妮莉丝・坦格利安,e:雷加・坦格利安,e:韦赛里斯・坦格利安（伊尼斯一世之子）,e:韦赛里斯・坦格利安,e:伊耿・坦格利安一世,e:戴蒙・坦格利安,e:伊里斯・坦格利安一世,e:伊蒙德・坦格利安,e:伊蒙德・坦格利安",伊蒙德,r:子嗣,e:韦赛里斯・坦格利安一世
"e:戴蒙・黑火,e:戴蒙・黑火,e:伊蒙德・坦格利安,e:伊耿・坦格利安一世",黑党,r:势力,e:戴蒙・坦格利安
"e:伊耿・坦格利安一世,e:伊蒙德・坦格利安",都城守备队,r:势力,e:戴蒙・坦格利安
"e:戴蒙・瓦列利安,e:伊耿・坦格利安一世,e:伊蒙德・坦格利安",石阶列岛王国,r:势力,e:戴蒙・坦格利安
"e:伊耿・坦格利安（伊里斯二世之子）,e:戴蒙・沙德,e:雷妮亚・坦格利安（伊尼斯一世之女）,e:雷加・坦格利安,e:戴蒙・瓦列利安,e:伊耿・坦格利安一世,e:伊蒙德・坦格利安,e:雷娅・罗伊斯",第一任雷娅・罗伊斯,r:配偶,e:戴蒙・坦格利安
"e:戴蒙・瓦列利安,e:伊耿・坦格利安一世,e:戴安娜・坦格利安,e:兰娜尔・瓦列利安",第二任兰娜尔・瓦列利安,r:配偶,e:戴蒙・坦格利安
"e:伊耿・坦格利安一世,e:雷拉・坦格利安,e:伊蒙德・坦格利安,e:雷妮拉・坦格利安",第三任雷妮拉・坦格利安,r:配偶,e:戴蒙・坦格利安
"e:伊耿・坦格利安一世,e:亚莉珊・坦格利安,e:伊蒙德・坦格利安,e:泰丽亚",梅莎丽亚,r:恋情,e:戴蒙・坦格利安
"e:伊蒙德・坦格利安,e:雷拉・坦格利安,e:贝妮拉・坦格利安,e:杰赫里斯・坦格利安二世,e:韦赛里斯・坦格利安,e:科利斯・瓦列利安,e:亚当・瓦列利安",杰卡里斯・瓦列利安,r:继承人,e:雷妮拉・坦格利安
"e:伊蒙德・坦格利安,e:艾林诺・庞洛斯,e:雷拉・坦格利安,e:兰尼诺・瓦列利安,e:亚当・瓦列利安,e:贝妮拉・坦格利安",第一任兰尼诺・瓦列利安,r:配偶,e:雷妮拉・坦格利安
"e:伊蒙德・坦格利安,e:戴蒙・坦格利安,e:雷拉・坦格利安,e:贝妮拉・坦格利安",第二任戴蒙・坦格利安,r:配偶,e:雷妮拉・坦格利安
"e:伊耿・坦格利安一世,e:伊蒙德・坦格利安,e:韦赛里斯・坦格利安一世,e:韦赛里斯・坦格利安,e:贝妮拉・坦格利安",韦赛里斯一世,r:父亲,e:雷妮拉・坦格利安
"e:伊蒙德・坦格利安,e:雷拉・坦格利安,e:贝妮拉・坦格利安,e:杰赫里斯・坦格利安二世,e:韦赛里斯・坦格利安,e:科利斯・瓦列利安,e:亚当・瓦列利安",杰卡里斯・瓦列利安,r:子嗣,e:雷妮拉・坦格利安
"e:伊蒙德・坦格利安,e:雷拉・坦格利安,e:贝妮拉・坦格利安,e:韦赛里斯・坦格利安,e:路斯里斯・瓦列利安（海政大臣）,e:科利斯・瓦列利安,e:亚当・瓦列利安",路斯里斯・瓦列利安,r:子嗣,e:雷妮拉・坦格利安
"e:伊蒙德・坦格利安,e:艾林诺・庞洛斯,e:雷拉・坦格利安,e:爱玛・艾林,e:简妮・艾林,e:贝妮拉・坦格利安",艾玛・艾林,r:母亲,e:雷妮拉・坦格利安
"e:伊蒙德・坦格利安,e:米斯・托因,e:贝妮拉・坦格利安",黑党,r:王室,e:雷妮拉・坦格利安
e:米斯・托因,黑党,r:势力,e:蓖麻
"e:乔佛里・戴恩,e:亚当・瓦列利安,e:蒙特里・瓦列利安,e:米斯・托因",黑党,r:势力,e:乔佛里・瓦列利安
"e:丹妮莉丝・坦格利安（伊耿四世之女）,e:丹妮莉丝・坦格利安,e:伊耿・坦格利安一世,e:莱昂诺・提利尔（戴伦一世）,e:戴伦・坦格利安（梅卡一世之子）,e:戴伦・坦格利安一世",戴伦一世,r:继承人,e:伊耿・坦格利安三世
"e:丹妮莉丝・坦格利安,e:伊耿・坦格利安一世,e:雷妮丝・坦格利安,e:雷加・坦格利安,e:雷妮拉・坦格利安,e:雷拉・坦格利安,e:伊蒙德・坦格利安",第一任杰赫妮拉・坦格利安,r:配偶,e:伊耿・坦格利安三世
"e:丹妮莉丝・坦格利安,e:伊耿・坦格利安一世,e:雷妮丝・坦格利安,e:雷加・坦格利安,e:戴蒙・坦格利安,e:伊蒙德・坦格利安,e:戴安娜拉・瓦列里安,e:乔佛里・瓦列利安,e:戴安娜・坦格利安,e:戴伦・瓦列利安,e:戴伦・坦格利安一世",第二任戴安娜拉・瓦列利安,r:配偶,e:伊耿・坦格利安三世
e:戴安娜・坦格利安,《违命的》戴安娜,r:子嗣,e:伊耿・坦格利安三世
"e:丹妮莉丝・坦格利安,e:戴伦・万斯,e:伊耿・坦格利安一世,e:戴伦・瓦列利安,e:戴伦・坦格利安一世,e:戴蒙・坦格利安,e:赫伦,e:戴伦・坦格利安（梅卡一世之子）",戴伦,r:子嗣,e:伊耿・坦格利安三世
"e:丹妮莉丝・坦格利安,e:雷妮亚・坦格利安（戴蒙之女）,e:伊耿・坦格利安一世,e:雷妮丝・坦格利安,e:雷加・坦格利安,e:伊耿・坦格利安（雷加之子）",雷妮亚,r:子嗣,e:伊耿・坦格利安三世
"e:丹妮莉丝・坦格利安,e:伊耿・坦格利安一世,e:贝勒・坦格利安一世,e:伊耿・坦格利安（贝尔隆之子）,e:贝勒・坦格利安一世",《受神祝福的》贝勒,r:子嗣,e:伊耿・坦格利安三世
"e:丹妮莉丝・坦格利安,e:伊耿・坦格利安一世,e:海伦娜・坦格利安,e:戴伦・坦格利安一世",依伦娜,r:子嗣,e:伊耿・坦格利安三世
"e:丹妮莉丝・坦格利安,e:雷加・坦格利安,e:韦赛里斯・坦格利安（伊尼斯一世之子）,e:韦赛里斯・坦格利安,e:伊耿・坦格利安一世,e:伊耿・坦格利安一世,e:伊耿・黑火,e:伊耿・坦格利安二世,e:伊里斯・坦格利安二世",伊耿,r:子嗣,e:韦赛里斯・坦格利安二世
"e:丹妮莉丝・坦格利安,e:雷加・坦格利安,e:韦赛里斯・坦格利安（伊尼斯一世之子）,e:韦赛里斯・坦格利安,e:伊耿・坦格利安一世,e:伊耿・坦格利安五世,e:伊耿・坦格利安二世,e:伊蒙德・坦格利安,e:戴蒙・坦格利安,e:伊里斯・坦格利安二世,e:伊蒙・坦格利安（梅卡一世之子）,e:伊蒙・河文",伊蒙,r:子嗣,e:韦赛里斯・坦格利安二世
"e:丹妮莉丝・坦格利安,e:雷加・坦格利安,e:韦赛里斯・坦格利安,e:奈丽诗・坦格利安",奈丽诗,r:子嗣,e:韦赛里斯・坦格利安二世
"e:丹妮莉丝・坦格利安,e:维桑尼亚・坦格利安,e:伊耿・坦格利安四世,e:雷妮丝・坦格利安,e:伊蒙德・坦格利安,e:雷加・坦格利安",维桑妮亚・坦格利安,r:配偶,e:伊耿・坦格利安一世
"e:丹妮莉丝・坦格利安,e:伊耿・坦格利安四世,e:伊利昂・坦格利安（戴米昂之子）,e:伊蒙德・坦格利安,e:雷加・坦格利安",伊利昂・坦格利安,r:父亲,e:伊耿・坦格利安一世
"e:丹妮莉丝・坦格利安（伊耿四世之女）,e:丹妮莉丝・坦格利安,e:伊耿・坦格利安四世,e:伊耿・黑火,e:伊尼斯・佛雷,e:秃鹰王（伊尼斯一世）,e:詹姆・兰尼斯特,e:韦赛里斯・坦格利安（伊尼斯一世之子）,e:伊里斯・坦格利安二世,e:雷妮亚・坦格利安（伊尼斯一世之女）,e:伊里斯・坦格利安一世",伊尼斯,r:子嗣,e:伊耿・坦格利安一世
"e:丹妮莉丝・坦格利安,e:伊耿・坦格利安四世,e:梅葛・坦格利安一世,e:梅葛・坦格利安一世,e:伊蒙・坦格利安（梅卡一世之子）,e:雷妮拉・坦格利安,e:马拉乔・梅葛亚",梅葛,r:子嗣,e:伊耿・坦格利安一世
"e:丹妮莉丝・坦格利安,e:戴安娜・坦格利安,e:伊耿・坦格利安四世,e:雷妮丝・坦格利安,e:伊蒙德・坦格利安,e:雷加・坦格利安,e:兰娜尔・瓦列利安,e:乔佛里・瓦列利安,e:戴伦・瓦列利安",瓦莱安娜・瓦列利安,r:母亲,e:伊耿・坦格利安一世
"e:阿莱莎・坦格利安,e:秃鹰王（伊尼斯一世）,e:雷妮亚・坦格利安（伊尼斯一世之女）,e:科利斯・瓦列利安（戴蒙之子）,e:兰尼诺・瓦列利安,e:亚当・瓦列利安",伊尼斯一世（第一任）,r:配偶,e:阿莱莎・瓦列利安
"e:史坦尼斯・拜拉席恩,e:阿莱莎・艾林,e:阿莱莎・坦格利安,e:罗加・拜拉席恩,e:科利斯・瓦列利安（戴蒙之子）,e:莱莎・徒利,e:亚当・瓦列利安,e:莱昂诺・拜拉席恩",罗加・拜拉席恩（第二任）,r:配偶,e:阿莱莎・瓦列利安
"e:伊班（守夜人）,e:罗斯比城",守夜人,r:势力,e:罗斯比的阿兰
"e:七弦汤姆,e:阿兰・塔利",七神信仰,r:势力,e:阿兰廷
"e:丹妮莉丝・坦格利安,e:伊耿・坦格利安一世,e:韦赛里斯・坦格利安二世,e:伊里斯・坦格利安二世,e:瓦里斯,e:伊耿・坦格利安（杰赫里斯一世之子）,e:伊耿・坦格利安（伊里斯二世之子）,e:杰赫里斯・坦格利安二世",杰赫里斯,r:继承人,e:伊耿・坦格利安二世
"e:丹妮莉丝・坦格利安,e:维拉尔,e:伊耿・坦格利安一世,e:梅拉尔・坦格利安,e:伊耿・坦格利安（贝尔隆之子）,e:梅葛・坦格利安一世,e:雷拉・坦格利安,e:伊纳尔・坦格利安",梅拉尔,r:继承人,e:伊耿・坦格利安二世
"e:丹妮莉丝・坦格利安,e:伊耿・坦格利安一世,e:韦赛里斯・坦格利安二世,e:伊里斯・坦格利安二世,e:瓦里斯,e:伊耿・坦格利安（杰赫里斯一世之子）,e:伊耿・坦格利安（伊里斯二世之子）,e:杰赫里斯・坦格利安二世",杰赫里斯,r:子嗣,e:伊耿・坦格利安二世
"e:丹妮莉丝・坦格利安,e:维拉尔,e:伊耿・坦格利安一世,e:梅拉尔・坦格利安,e:伊耿・坦格利安（贝尔隆之子）,e:梅葛・坦格利安一世,e:雷拉・坦格利安,e:伊纳尔・坦格利安",梅拉尔,r:子嗣,e:伊耿・坦格利安二世
"e:丹妮莉丝・坦格利安,e:妮拉,e:伊耿・坦格利安一世,e:雷妮丝・坦格利安,e:雷妮拉・坦格利安,e:伊耿・坦格利安（杰赫里斯一世之子）,e:杰赫里斯・坦格利安二世",杰赫妮拉,r:子嗣,e:伊耿・坦格利安二世
"e:丹妮莉丝・坦格利安（伊耿四世之女）,e:丹妮莉丝・坦格利安,e:伊耿・坦格利安一世,e:雷妮丝・坦格利安（伊蒙之女）,e:琼恩・雪诺,e:梅罗,e:伊耿・坦格利安（雷加之子）,e:伊耿・坦格利安（伊里斯二世之子）",两个私生子女,r:子嗣,e:伊耿・坦格利安二世
"e:伊耿・坦格利安一世,e:戴蒙・坦格利安",绿党,r:势力,e:伊蒙德・坦格利安
"e:瓦德・佛雷,e:罗兰・克雷赫（伯爵）,e:梅珊・克雷赫,e:阿伍德・佛雷,e:阿蕊丽・佛雷,e:亚丽・佛雷",瓦德・佛雷侯爵,r:配偶,e:阿梅丽・克雷赫
e:安布罗斯,第二任佛雷夫人,r:配偶,e:安布罗斯・巴特威
"e:丹泽尔・达特,e:亨特家族",丹泽尔・达特爵士,r:现任领主,e:达特家族
"e:安德雷・达特,e:雷哈达家族,e:伍德福特家族,e:亨特家族",安德雷・达特爵士,r:继承人,e:达特家族
"e:安德鲁・塔斯,e:夜王",王党,r:势力,e:安德鲁・伊斯蒙
e:提盖特・兰尼斯特,无旗兄弟会,r:势力,e:安盖
"e:瓦德・佛雷,e:乔安娜・佛雷,e:安德鲁・佛雷,e:拜兰・法林",瓦德・佛雷侯爵,r:配偶,e:安娜娜・法林
"e:达米昂・兰尼斯特,e:达冯・兰尼斯特,e:吉娜・兰尼斯特",达米昂・兰尼斯特爵士,r:父亲,e:拉娜・兰尼斯特
"e:韦伍德家族,e:伊利・韦伍德",公义者同盟,r:势力,e:安雅・韦伍德
"e:佛列蒙・布拉克斯,e:劳勃・布拉克斯,e:艾蒙・佛雷,e:坦雅・佛雷",佛列蒙・布拉克斯爵士,r:配偶,e:莫雅・佛雷
"e:渥特（守夜人）,e:洛伦特・卡斯威",守夜人,r:势力,e:奥勃特・卡斯威
"e:奥顿・玛瑞魏斯,e:鲁赛尔・玛瑞魏斯,e:密尔的索罗斯",奥顿・玛瑞魏斯爵士,r:配偶,e:密尔的坦妮娅
"e:穆伦道尔家族,e:海塔尔家族,e:赫伦堡,e:赫伦堡的塔尔家族,e:莱维尔家族",班达伦堡,r:封地,e:布莱巴尔家族
"e:君临的拜拉席恩家族,e:博洛斯・拜拉席恩,e:劳勃・拜拉席恩",拜拉席恩家族,r:势力,e:奥里斯・拜拉席恩
"e:亚列克・杜兰登,e:博洛斯・拜拉席恩,e:洁娜・提利尔,e:哈里斯・莫兰,e:TV:培提尔・拜拉席恩,e:劳勃・拜拉席恩",亚尔洁娜・杜兰登,r:配偶,e:奥里斯・拜拉席恩
"e:伊耿・坦格利安（雷加之子）,e:伊耿・坦格利安一世,e:伊耿・坦格利安（伊里斯二世之子）,e:莱昂诺・拜拉席恩,e:伊利昂・坦格利安（戴米昂之子）,e:伊纳尔・坦格利安,e:韦赛里斯・坦格利安,e:戴蒙・坦格利安,e:劳勃・拜拉席恩,e:伊里斯・坦格利安一世,e:博洛斯・拜拉席恩",伊利昂・坦格利安（可能）,r:父亲,e:奥里斯・拜拉席恩
"e:琼恩・雪诺,e:伊班（守夜人）,e:亚威克家族",守夜人,r:势力,e:奥赛尔・亚威克
"e:布莱伍德家族,e:杰诺斯・佛雷,e:杰恩・布雷肯,e:佛雷家族",杰诺斯・布雷肯,r:现任领主,e:布雷肯家族
"e:伊班（守夜人）,e:奥斯理",守夜人,r:势力,e:奥斯
"e:徒利家族,e:密瑞家族",南盾岛,r:封地,e:西瑞家族
"e:徒利家族,e:奥斯伯特・西瑞,e:莱娅・西瑞,e:特拔瑞家族,e:密瑞家族",奥斯伯特・西瑞伯爵,r:现任领主,e:西瑞家族
"e:徒利家族,e:塔尔勃特・西瑞,e:莱娅・西瑞,e:特拔瑞家族,e:密瑞家族",塔尔勃特・西瑞爵士,r:继承人,e:西瑞家族
e:奥斯尼・凯特布莱克,都城守备队,r:势力,e:奥斯佛利・凯特布莱克
e:丹尼斯・艾林,《鹰爪》,r:子嗣,e:奥斯古德・艾林
"e:奥斯尼・凯特布莱克,e:罗兰・克雷赫（御林铁卫）",御林铁卫,r:势力,e:奥斯蒙・凯特布莱克
e:奥斯尼・凯特布莱克,侠客团,r:势力,e:奥斯蒙・凯特布莱克
"e:奥斯威尔・凯特布莱克,e:罗兰・克雷赫（御林铁卫）",御林铁卫,r:势力,e:奥斯威尔・河安
"e:琼恩・雪诺,e:伊班（守夜人）,e:威廉・威勒斯",守夜人,r:势力,e:奥廷・威勒斯
"e:克莱图斯・伊伦伍德,e:安德斯・伊伦伍德",风吹团,r:势力,e:阿奇巴德・伊伦伍德
"e:詹姆・佛雷,e:亚丽・佛雷,e:霍斯特・佛雷,e:蓝叉河的佩特",第一任蓝叉河的佩特爵士,r:配偶,e:阿蕊丽・佛雷
"e:詹姆・兰尼斯特,e:赛蒙・佛雷,e:詹姆・佛雷,e:蓝赛尔・兰尼斯特,e:TV:阿尔顿・兰尼斯特,e:培提尔・佛雷,e:亚丽・佛雷",第二任蓝赛尔・兰尼斯特爵士,r:配偶,e:阿蕊丽・佛雷
"e:伊班（守夜人）,e:艾莉亚・史塔克",守夜人,r:势力,e:阿桑
"e:席恩・葛雷乔伊,e:艾伯特・艾林,e:托莫尔・艾枚克,e:乌伦・葛雷艾恩",艾里・艾枚克,r:配偶,e:阿莎・葛雷乔伊
"e:席恩・葛雷乔伊,e:科伦・葛雷乔伊,e:科尔,e:威尔・科尔",少女科尔,r:恋情,e:阿莎・葛雷乔伊
"e:唐德利恩家族,e:卡伦家族,e:分恩家族,e:埃洛尔家族,e:宇家族,e:君临的拜拉席恩家族,e:帕尔家族",拜拉席恩家族,r:效忠于,e:赛尔弥家族
"e:阿伍德・佛雷,e:瓦德・佛雷,e:雅西娜・罗伊斯,e:蕾娅娜・佛雷,e:雷娅・罗伊斯,e:阿拉德・佛罗伦",阿伍德・佛雷爵士,r:配偶,e:蕾娅娜・罗伊斯
"e:伊班（守夜人）,e:老骨头比尔",守夜人,r:势力,e:比尔
"e:伊班（守夜人）,e:伯纳（黄）",守夜人,r:势力,e:伯纳（黑）
"e:布雷肯家族,e:奥瑟・布雷肯",布雷肯伯爵,r:父亲,e:芭芭・布雷肯
"e:伊耿・坦格利安五世,e:奥瑟・布雷肯,e:伊耿・坦格利安四世,e:伊耿・黑火",伊耿四世,r:恋情,e:芭芭・布雷肯
"e:琼恩・雪诺,e:乌鸦嘴",不详,r:势力,e:三眼乌鸦
"e:霍斯特・布莱伍德,e:崔斯坦・河文,e:亚丽・河文,e:班吉寇・布莱伍德,e:阿莱莎・布莱伍德,e:卢卡斯・布莱伍德",关文斯・河文,r:子嗣,e:蜜利莎・布莱伍德
"e:米亚・石东,e:伊耿・坦格利安五世,e:伊耿・坦格利安四世,e:伊耿・黑火,e:伊葛・河文,e:亚丽・河文",伊耿四世,r:父亲,e:米亚・河文
"e:莱斯威尔家族,e:荒冢厅,e:园丁家族",荒冢屯,r:封地,e:达斯丁家族
e:艾茜・佛雷,艾茜,r:兄弟姐妹,e:巴达摩・佛雷
"e:亚历山大・佛雷,e:亚丽・佛雷",亚历山大,r:兄弟姐妹,e:巴达摩・佛雷
"e:坦妲・史铎克渥斯,e:洛丽丝・史铎克渥斯,e:巴尔曼・拜奇,e:巴隆・拜奇,e:曼力・史铎克渥斯",巴尔曼・拜奇爵士,r:配偶,e:法丽丝・史铎克渥斯
"e:史文家族,e:卡伏伦家族",无,r:现任领主,e:卡伦家族
"e:史坦尼斯・拜拉席恩,e:徒利家族,e:蓝礼・拜拉席恩,e:唐德利恩家族,e:君临的拜拉席恩家族,e:史拉特家族,e:分恩家族,e:宇家族,e:赛文家族",拜拉席恩家族,r:效忠于,e:史文家族
"e:唐纳・菲林特,e:渥特（守夜人）",守夜人,r:势力,e:拜延・菲林特
e:巴卡哈兹,次子团,r:势力,e:巴卡约
"e:伊班（守夜人）,e:棱",守夜人,r:势力,e:巴棱
"e:阿斯坦・赛尔弥,e:罗兰・克雷赫（御林铁卫）",御林铁卫,r:势力,e:巴利斯坦・赛尔弥
"e:丹妮莉丝・坦格利安,e:阿斯坦・赛尔弥",女王铁卫,r:势力,e:巴利斯坦・赛尔弥
"e:巴隆・葛雷乔伊,e:巴尔曼・拜奇,e:巴隆・史文,e:米斯・托因",黑党,r:势力,e:巴隆・拜奇
"e:巴隆・葛雷乔伊,e:巴隆・史文,e:巴尔曼・拜奇",都城守备队,r:势力,e:巴隆・拜奇
"e:桑德利家族,e:沙汶・波特利,e:吉蒙德・波特利,e:赛蒙・波特利,e:本特利家族",吉蒙德・波特利头领,r:现任领主,e:波特利家族
"e:阿莎・葛雷乔伊,e:哈尔洛家族,e:哈尔洛厅,e:关妮丝・哈尔洛,e:艾伊尔・哈尔洛,e:葛雷乔伊家族,e:何索・哈尔洛",葛雷乔伊家族哈尔洛家族,r:势力,e:亚拉妮丝・哈尔洛
"e:维克塔利昂・葛雷乔伊,e:攸伦・葛雷乔伊,e:达衮・葛雷乔伊",掠夺者之首,r:势力,e:科伦・葛雷乔伊
"e:维克塔利昂・葛雷乔伊,e:攸伦・葛雷乔伊,e:斯通垂家族",第一任斯通垂夫人,r:配偶,e:科伦・葛雷乔伊
"e:维克塔利昂・葛雷乔伊,e:攸伦・葛雷乔伊,e:科伦・汉博利,e:桑德利家族,e:罗德利克・葛雷乔伊",第二任桑德利夫人,r:配偶,e:科伦・葛雷乔伊
"e:维克塔利昂・葛雷乔伊,e:攸伦・葛雷乔伊",第三任派柏夫人,r:配偶,e:科伦・葛雷乔伊
"e:巴隆・葛雷乔伊,e:巴隆・拜奇,e:罗兰・克雷赫（御林铁卫）",御林铁卫,r:势力,e:巴隆・史文
"e:伊班（守夜人）,e:凯恩",守夜人,r:势力,e:班恩
"e:琼恩・雪诺,e:琼恩・史塔克,e:伊班（守夜人）,e:班扬・史塔克（公爵）,e:布兰登・史塔克（恶人）",守夜人,r:势力,e:班扬・史塔克
"e:琼恩・史塔克,e:瑞卡德・史塔克,e:艾德・史塔克,e:班扬・史塔克（公爵）",瑞卡德・史塔克公爵,r:父亲,e:班扬・史塔克
"e:琼恩・史塔克,e:瑞卡德・史塔克（国王）,e:瑞肯・史塔克,e:班扬・史塔克",瑞肯,r:子嗣,e:班扬・史塔克（公爵）
"e:琼恩・史塔克,e:艾德蒙・布莱伍德,e:艾德・史塔克,e:班扬・史塔克（本纳德之子）,e:班扬・史塔克,e:本纳德・布伦,e:本纳德・史塔克",本纳德,r:子嗣,e:班扬・史塔克（公爵）
"e:珊莎・史塔克,e:莱莎・徒利,e:班扬・史塔克,e:唐纳・洛克,e:莱莎娜・卡史塔克,e:班扬・史塔克",班扬・史塔克公爵,r:配偶,e:莱莎・洛克
"e:琼恩・雪诺,e:罗利,e:伊班（守夜人）",守夜人,r:势力,e:保罗
"e:凯勒,e:哥扎卡・佐・厄拉兹",渊凯,r:势力,e:亚赞・佐・夸格兹
e:巴尔,黄金团,r:势力,e:巴曲
"e:琼恩・雪诺,e:伊班（守夜人）,e:贝德加",守夜人,r:势力,e:贝德威克
"e:斯通浩斯家族,e:科瑞・霍尔一世",黑潮岛,r:封地,e:布莱克泰斯家族
"e:斯帕家族,e:斯通浩斯家族,e:贝勒・布莱克泰斯",贝勒・布莱克泰斯大人,r:现任领主,e:布莱克泰斯家族
"e:雷德温家族,e:马图斯・罗宛,e:马图斯・佛雷,e:蓓珊妮・布雷肯,e:曼斯・雷德,e:戴尼斯・雷德温,e:霍柏・雷德温",马图斯・罗宛伯爵,r:配偶,e:蓓珊妮・雷德温
"e:蓝礼・拜拉席恩,e:君临的拜拉席恩家族,e:塞蕾娜",拜拉席恩家族,r:势力,e:贝蕾娜
"e:贝罗娜拉・奥瑟里斯,e:贝乐洁・奥瑟里斯（交际花）",贝罗娜拉,r:子嗣,e:贝乐洁・奥瑟里斯
"e:贝乐洁・奥瑟里斯（交际花）,e:哈克",拿哈,r:子嗣,e:贝乐洁・奥瑟里斯
"e:贝罗娜拉・奥瑟里斯,e:贝乐洁・奥瑟里斯（交际花）,e:贝勒・海塔尔,e:贝里斯",贝勒里恩,r:子嗣,e:贝乐洁・奥瑟里斯
"e:贝乐洁・奥瑟里斯（交际花）,e:伊耿・坦格利安五世,e:伊耿・坦格利安四世,e:伊耿・黑火",伊耿四世,r:恋情,e:贝乐洁・奥瑟里斯
"e:丹妮莉丝・坦格利安,e:丹妮莉丝・坦格利安（伊耿四世之女）,e:贝勒・坦格利安一世,e:依伦娜・坦格利安（伊耿三世之女）,e:贝里・唐德利恩,e:戴安娜・坦格利安,e:雷加・坦格利安",珍娜・唐德利恩,r:配偶,e:贝勒・坦格利安（戴伦二世之子）
"e:伊里斯・坦格利安二世,e:瓦里斯,e:炼金术士（人）",炼金术士公会,r:势力,e:贝里斯
"e:唐德利恩家族,e:曼佛德・唐德利恩",无旗兄弟会,r:势力,e:贝里・唐德利恩
"e:贝里・唐德利恩,e:黑港城",黑港,r:封地,e:唐德利恩家族
e:贝里・唐德利恩,贝里・唐德利恩伯爵,r:现任领主,e:唐德利恩家族
"e:威尔德家族,e:贝里・唐德利恩,e:君临的拜拉席恩家族,e:分恩家族",拜拉席恩家族,r:效忠于,e:唐德利恩家族
"e:罗伊斯家族,e:凯勒・罗伊斯,e:贝尼狄克",罗伊斯家族的一个分支,r:势力,e:贝尼狄克・罗伊斯
"e:卢斯・波顿,e:卢斯・莱斯威尔",卢斯・波顿伯爵,r:配偶,e:蓓珊妮・莱斯威尔
"e:詹姆・佛雷,e:瓦德・佛雷,e:蓓珊妮・布雷肯,e:简妮・罗斯坦,e:瓦德・凡斯,e:佐妮・佛雷,e:罗斯比家族",瓦德・佛雷侯爵,r:配偶,e:蓓珊妮・罗斯比
"e:艾莉亚・史塔克,e:罗德利克・布莱伍德,e:伊耿・坦格利安五世,e:伊耿・坦格利安五世,e:伊耿・黑火,e:班吉寇・布莱伍德",伊耿五世,r:配偶,e:贝丝・布莱伍德
"e:罗尔杰,e:培克家族",盐场镇,r:封地,e:哈维克家族
e:贝尼狄克・布隆,未知,r:继承人,e:贝尼狄克・布莱蒙
"e:布莱蒙城,e:劳拉・布莱蒙",劳拉・布莱蒙夫人,r:现任领主,e:布莱蒙家族
"e:琼恩・雪诺,e:伊班（守夜人）,e:本恩（大肚子）",守夜人,r:势力,e:本恩（胡子）
"e:赫曼・陶哈,e:兰巴德・陶哈",赫曼・陶哈爵士,r:父亲,e:本福德・陶哈
"e:赫曼・陶哈,e:兰巴德・陶哈,e:艾妲・陶哈",艾妲,r:兄弟姐妹,e:本福德・陶哈
"e:泰温・佛雷,e:本佛雷・佛雷,e:雷加・佛雷,e:李奥娜・佛雷,e:乔安娜・史威佛",本佛雷・佛雷爵士,r:配偶,e:乔安娜・佛雷
"e:马尔寇家族,e:帕尔家族,e:本内达・贝尔摩,e:马文・贝尔摩",本内达・贝尔摩伯爵,r:现任领主,e:贝尔摩家族
"e:拉卡洛,e:艾德蒙・布莱伍德",拉赫洛,r:势力,e:本内罗
"e:珍妮・普尔,e:哈尔温・普棱,e:皮特・普棱",次子团,r:势力,e:本・普棱
"e:桑铎・克里冈,e:培克家族",克里冈堡,r:封地,e:克里冈家族
e:炼金术士（人）,炼金术士公会,r:势力,e:波立特
"e:罗兰・克雷赫（御林铁卫）,e:莫洛斯・史林特,e:布劳恩家族",御林铁卫,r:势力,e:柏洛斯・布劳恩
"e:博蒙德・哈尔洛,e:君临的拜拉席恩家族,e:蒙德・拜拉席恩",拜拉席恩家族,r:势力,e:博蒙德・拜拉席恩
"e:博蒙德・哈尔洛,e:派洛斯,e:博洛斯・拜拉席恩,e:蒙德・拜拉席恩",博洛斯,r:子嗣,e:博蒙德・拜拉席恩
"e:博蒙德・哈尔洛,e:雷妮丝・坦格利安,e:雷蒙德・佛雷,e:蒙德・拜拉席恩",雷妮丝,r:好友,e:博蒙德・拜拉席恩
"e:琼恩・雪诺,e:伊班（守夜人）,e:伯纳（黑）",守夜人,r:势力,e:伯纳（黄）
"e:博尼佛・哈斯提,e:君临的拜拉席恩家族,e:席渥斯家族,e:万斯家族,e:分恩家族,e:哈斯提威克家族",拜拉席恩家族,r:效忠于,e:哈斯提家族
"e:琼恩・雪诺,e:伊班（守夜人）,e:勒文・马泰尔",守夜人,r:势力,e:波文・马尔锡
e:皮尔斯・卡伦,蓝礼国王（前任）,r:势力,e:布莱斯・卡伦
"e:史坦尼斯・席渥斯,e:皮尔斯・卡伦",史坦尼斯国王（现任）,r:势力,e:布莱斯・卡伦
"e:艾德・史塔克,e:布兰・史塔克,e:布兰登・史塔克九世,e:班扬・史塔克,e:瑞卡德・史塔克",瑞卡德・史塔克公爵,r:父亲,e:布兰登・史塔克
"e:艾德・史塔克,e:布兰・史塔克,e:布兰登・史塔克九世,e:班扬・史塔克,e:莱安娜・史塔克",莱安蕊・史塔克,r:母亲,e:布兰登・史塔克
"e:艾德・史塔克,e:布兰・史塔克,e:克雷根・史塔克,e:布兰登・史塔克,e:班扬・史塔克,e:布兰登・史塔克（冰眼）,e:瑞肯・史塔克（克雷根之子）,e:布兰登・史塔克（威廉之子）",克雷根・史塔克公爵,r:父亲,e:布兰登・史塔克（克雷根之子）
"e:布兰・史塔克,e:布兰登・史塔克（威廉之子）,e:瑞肯・史塔克（克雷根之子）,e:罗德利克・莱斯威尔,e:罗德利克・史塔克（贝隆之子）,e:罗德威・史塔克,e:罗德尼,e:瑞卡德・史塔克（国王）",罗德威,r:子嗣,e:布兰登・史塔克（克雷根之子）
"e:布兰・史塔克,e:布兰登・史塔克（威廉之子）,e:欧莎,e:珊莎・史塔克（瑞肯之女）,e:托伦・史塔克（艾德瑞克之子）,e:瑞肯・史塔克（克雷根之子）",艾莎,r:子嗣,e:布兰登・史塔克（克雷根之子）
"e:布兰・史塔克,e:布兰登・雪诺,e:布兰登・诺瑞（小）,e:布兰登・史塔克,e:瑞肯・史塔克（克雷根之子）,e:布兰登・史塔克（冰眼）,e:布兰登・史塔克（威廉之子）,e:琼恩・雪诺",里昂诺・雪诺,r:子嗣,e:布兰登・史塔克（克雷根之子）
"e:艾德・史塔克,e:布兰・史塔克,e:乔拉・史塔克,e:布兰登・史塔克,e:班扬・史塔克,e:布兰登・史塔克（冰眼）,e:布兰登・史塔克（威廉之子）,e:莱安娜・史塔克,e:莱安娜・史塔克（克雷根之女）,e:瑞肯・史塔克（克雷根之子）",莱拉娜・史塔克,r:母亲,e:布兰登・史塔克（克雷根之子）
e:塔斯的亚莉珊,彩虹护卫,r:势力,e:塔斯的布蕾妮
"e:蓝礼・拜拉席恩,e:唐德利恩家族,e:卡伦家族,e:分恩家族,e:万斯家族,e:庞洛斯家族,e:君临的拜拉席恩家族,e:席渥斯家族",拜拉席恩家族,r:效忠于,e:塔斯家族
e:拉尔夫・布克勒,后党,r:势力,e:布鲁斯・布克勒
e:钉子,次子团,r:势力,e:锤子
e:伊班（守夜人）,守夜人,r:势力,e:刺棒
"e:领主（无面者）,e:哭泣者",无面者,r:势力,e:慈祥的人
"e:崔蒙德・戈根勒斯,e:威勒斯家族",崔蒙德・戈根勒斯伯爵,r:现任领主,e:戈根勒斯家族
e:崔斯坦・穆德,黄金团,r:势力,e:崔斯坦・河文
"e:夜王,e:崔斯顿・法温",王党,r:势力,e:崔斯顿
"e:冈瑟・桑格拉斯,e:桑格拉斯家族,e:鲍格斯家族,e:万斯家族,e:赫雷斯顿,e:崔斯顿・法温",先前桑格拉斯家族,r:势力,e:崔斯顿
"e:伊班（守夜人）,e:崔斯坦・河文",守夜人,r:势力,e:崔斯坦・穆德
"e:戴佛斯・席渥斯,e:戴佛斯・戴丁斯",至少育有一个儿子,r:子嗣,e:戴佛斯・戴恩
"e:琼恩・雪诺,e:伊班（守夜人）,e:梅利恩",守夜人,r:势力,e:戴利恩
"e:琼恩・雪诺,e:伊班（守夜人）,e:布里吉斯家族",守夜人,r:势力,e:戴里吉
"e:伊蒙・坦格利安（韦赛里斯二世之子）,e:伊耿・坦格利安一世,e:伊耿・坦格利安（贝尔隆之子）,e:戴伦・坦格利安一世,e:贝勒・坦格利安一世",贝勒，184AC至209AC,r:继承人,e:戴伦・坦格利安二世
"e:伊蒙・坦格利安（韦赛里斯二世之子）,e:伊耿・坦格利安一世,e:瓦拉尔・坦格利安,e:雷拉・坦格利安,e:戴伦・瓦列利安,e:戴伦・坦格利安一世",瓦拉尔，209AC,r:继承人,e:戴伦・坦格利安二世
"e:伊蒙・坦格利安（韦赛里斯二世之子）,e:伊耿・坦格利安一世,e:贝勒・海塔尔,e:伊耿・坦格利安（贝尔隆之子）,e:戴伦・坦格利安一世,e:贝勒・海塔尔,e:贝勒・坦格利安一世",贝勒,r:子嗣,e:戴伦・坦格利安二世
"e:伊蒙・坦格利安（韦赛里斯二世之子）,e:戴伦・坦格利安一世,e:伊耿・坦格利安一世,e:伊里斯・坦格利安二世,e:戴伦・坦格利安（伊里斯二世之子）,e:伊里斯・坦格利安二世,e:伊耿・坦格利安二世",伊里斯,r:子嗣,e:戴伦・坦格利安二世
"e:伊蒙・坦格利安（梅卡一世之子）,e:伊蒙・坦格利安（韦赛里斯二世之子）,e:伊耿・坦格利安一世,e:托雷格,e:崔格,e:戴伦・坦格利安一世,e:戴蒙・坦格利安,e:雷格・坦格利安",雷格,r:子嗣,e:戴伦・坦格利安二世
"e:伊蒙・坦格利安（梅卡一世之子）,e:伊蒙・坦格利安（韦赛里斯二世之子）,e:伊耿・坦格利安一世,e:卡伦,e:戴伦・坦格利安（梅卡一世之子）,e:梅卡・坦格利安一世,e:戴伦・坦格利安一世",梅卡,r:子嗣,e:戴伦・坦格利安二世
"e:贝勒・海塔尔,e:贝勒・海塔尔,e:勒文・马泰尔,e:伊莉亚・马泰尔",贝勒,r:子嗣,e:弥丽亚・马泰尔
"e:瓦里斯,e:伊莉亚・马泰尔,e:里尔斯",伊里斯,r:子嗣,e:弥丽亚・马泰尔
"e:托雷格,e:雷格・坦格利安,e:伊莉亚・马泰尔",雷格,r:子嗣,e:弥丽亚・马泰尔
"e:卡尔,e:伊莉亚・马泰尔",梅卡,r:子嗣,e:弥丽亚・马泰尔
"e:马隆・马泰尔,e:伊莉亚・马泰尔",马隆・马泰尔亲王,r:兄弟姐妹,e:弥丽亚・马泰尔
"e:伊蒙・坦格利安（梅卡一世之子）,e:阿奎多・阿德里斯,e:雷拉・坦格利安",泰洛西的凯娅拉,r:配偶,e:戴伦・坦格利安（梅卡一世之子）
"e:伊蒙・坦格利安（梅卡一世之子）,e:戴伦・坦格利安一世,e:戴蒙・坦格利安,e:伊耿・坦格利安一世,e:亚瑟・戴恩,e:戴伦・坦格利安二世,e:戴安娜・坦格利安,e:戴佛斯・戴恩",戴亚娜・戴恩,r:母亲,e:戴伦・坦格利安（梅卡一世之子）
e:伊利昂・坦格利安（梅卡一世之子）,《明焰》伊利昂,r:兄弟姐妹,e:戴伦・坦格利安（梅卡一世之子）
e:伊蒙・坦格利安（梅卡一世之子）,伊蒙学士,r:兄弟姐妹,e:戴伦・坦格利安（梅卡一世之子）
"e:伊蒙・坦格利安（梅卡一世之子）,e:伊耿・坦格利安五世,e:伊耿・坦格利安一世,e:伊纳尔・坦格利安,e:伊耿・坦格利安（雷加之子）",《伊戈》,r:兄弟姐妹,e:戴伦・坦格利安（梅卡一世之子）
"e:伊蒙・坦格利安（梅卡一世之子）,e:丹妮・菲林特,e:丹妮・坦格利安（梅卡一世之女）,e:丹妮莉丝・坦格利安,e:丹妮莉丝・坦格利安,e:丹妮莉丝・坦格利安（伊耿四世之女）",丹妮,r:兄弟姐妹,e:戴伦・坦格利安（梅卡一世之子）
"e:伊蒙・坦格利安（梅卡一世之子）,e:安德雷・达特,e:伊耿・坦格利安（雷加之子）,e:雷迩・坦格利安",雷迩,r:兄弟姐妹,e:戴伦・坦格利安（梅卡一世之子）
"e:伊蒙・坦格利安（梅卡一世之子）,e:伊利昂・坦格利安（戴米昂之子）,e:梅葛・坦格利安一世,e:戴伦・坦格利安一世",戴伦，221AC至？,r:继承人,e:梅卡・坦格利安一世
"e:伊蒙・坦格利安（梅卡一世之子）,e:伊利昂・坦格利安（戴米昂之子）,e:伊利昂・坦格利安（梅卡一世之子）,e:伊耿・坦格利安一世,e:梅葛・坦格利安（伊利昂之子）,e:伊纳尔・坦格利安,e:梅葛・坦格利安一世",伊利昂，？至232AC,r:继承人,e:梅卡・坦格利安一世
"e:伊蒙・坦格利安（梅卡一世之子）,e:伊耿・坦格利安五世,e:伊耿・黑火,e:伊耿・坦格利安一世,e:梅葛・坦格利安一世",伊耿,r:子嗣,e:梅卡・坦格利安一世
"e:伊蒙・坦格利安（梅卡一世之子）,e:梅葛・坦格利安一世,e:伊利昂・坦格利安（戴米昂之子）,e:戴伦・坦格利安（梅卡一世之子）,e:戴伦・万斯,e:戴伦・瓦列利安,e:戴伦・坦格利安一世,e:卡伦",戴伦,r:子嗣,e:梅卡・坦格利安一世
"e:伊蒙・坦格利安（梅卡一世之子）,e:伊蒙・河文,e:伊蒙・坦格利安（梅卡一世之子）,e:梅葛・坦格利安一世,e:伊蒙德・坦格利安,e:戴蒙・坦格利安,e:伊耿・坦格利安一世",伊蒙,r:子嗣,e:梅卡・坦格利安一世
"e:伊蒙・坦格利安（梅卡一世之子）,e:梅葛・坦格利安一世,e:伊耿・坦格利安一世,e:丹妮莉丝・坦格利安,e:丹妮・菲林特,e:丹妮莉丝・坦格利安,e:贝妮拉・坦格利安",丹妮,r:子嗣,e:梅卡・坦格利安一世
"e:伊蒙・坦格利安（梅卡一世之子）,e:伊耿・坦格利安（雷加之子）,e:伊耿・坦格利安一世,e:安德雷・达特,e:梅葛・坦格利安一世,e:雷迩・坦格利安",雷迩,r:子嗣,e:梅卡・坦格利安一世
"e:提利昂・兰尼斯特四世,e:伊蒙・坦格利安（梅卡一世之子）,e:伊纳尔・坦格利安,e:伊利昂・坦格利安（梅卡一世之子）,e:伊利昂・坦格利安（戴米昂之子）,e:伊利昂・坦格利安（梅卡一世之子）,e:伊耿・坦格利安一世,e:梅葛・坦格利安一世,e:伊利佛,e:罗热・艾利昂,e:梅葛・坦格利安（伊利昂之子）",伊利昂,r:子嗣,e:梅卡・坦格利安一世
"e:伊蒙・坦格利安（韦赛里斯二世之子）,e:贝尔隆・坦格利安（韦赛里斯一世之子）",绿党,r:势力,e:戴伦・坦格利安（韦赛里斯一世之子）
"e:伊蒙・坦格利安（梅卡一世之子）,e:伊耿・坦格利安五世,e:伊耿・坦格利安一世,e:伊耿・坦格利安三世,e:戴伦・坦格利安二世",伊耿三世,r:父亲,e:戴伦・坦格利安一世
"e:伊蒙・坦格利安（梅卡一世之子）,e:戴蒙・坦格利安,e:戴安娜拉・瓦列里安,e:伊耿・坦格利安一世,e:戴伦・坦格利安二世,e:戴安娜・坦格利安,e:戴伦・瓦列利安",戴安娜拉・瓦列利安,r:母亲,e:戴伦・坦格利安一世
"e:伊耿・黑火,e:戴蒙・黑火,e:哈耿・黑火",哈耿・黑火一世,r:父亲,e:戴蒙・黑火三世
"e:戴蒙・坦格利安,e:科利斯・瓦列利安,e:戴伦・瓦列利安",伊斯恩・瓦列利安,r:子嗣,e:戴蒙・瓦列利安
"e:佛雷家族,e:戴瑞城,e:密瑞家族",灭亡（前戴瑞城）,r:封地,e:戴瑞家族
"e:佛雷家族,e:密瑞家族",灭亡,r:现任领主,e:戴瑞家族
"e:戴斯蒙,e:琼恩・雪诺,e:伊班（守夜人）",守夜人,r:势力,e:戴斯蒙・格瑞尔
"e:琼恩・雪诺,e:欧文,e:伊班（守夜人）",守夜人,r:势力,e:戴文
e:梅姬・莫尔蒙,梅姬・莫尔蒙伯爵夫人,r:母亲,e:黛西・莫尔蒙
"e:乔拉・莫尔蒙,e:乔拉・莫尔蒙,e:巴尔艾蒙家族",熊岛,r:封地,e:莫尔蒙家族
e:克里奥・佛雷,暴鸦团,r:势力,e:达里奥・纳哈里斯
"e:马尔布兰家族,e:提盖特・兰尼斯特,e:提恩・兰尼斯特,e:洛伦特・马尔布兰,e:达蒙・马尔布兰,e:达冯・兰尼斯特",提盖特・兰尼斯特爵士,r:配偶,e:达丽莎・马尔布兰
"e:马尔布兰家族,e:提瑞,e:提瑞克・兰尼斯特,e:达蒙・马尔布兰",提瑞克,r:子嗣,e:达丽莎・马尔布兰
"e:琼恩・雪诺,e:伊班（守夜人）,e:托马德",守夜人,r:势力,e:大麦汤姆
e:七弦汤姆,七神信仰,r:势力,e:大麻雀
"e:瓦德・布拉克斯,e:詹姆・兰尼斯特,e:瑟蕾拉・兰尼斯特,e:瑟曦・兰尼斯特,e:萝莎蒙・兰尼斯特,e:佛列蒙・布拉克斯",瑟蕾莎・布拉克斯,r:配偶,e:达蒙・兰尼斯特
"e:达蒙・兰尼斯特（杰森之子）,e:詹姆・兰尼斯特,e:杰洛・兰尼斯特,e:萝莎蒙・兰尼斯特,e:杰洛・兰尼斯特,e:杰洛・戴恩",杰洛,r:子嗣,e:达蒙・兰尼斯特
"e:达蒙・谢特,e:詹姆・兰尼斯特,e:詹姆・兰尼斯特,e:萝莎蒙・兰尼斯特,e:纳伯特,e:泰伯特・赫斯班,e:罗伯特・波特,e:泰伯特・兰尼斯特（凯岩王）,e:泰温・兰尼斯特,e:达冯・兰尼斯特",泰伯特,r:子嗣,e:达蒙・兰尼斯特
"e:达蒙・兰尼斯特,e:瑟蕾拉・兰尼斯特,e:拉娜・兰尼斯特",艾拉・兰尼斯特,r:配偶,e:达蒙・兰尼斯特（杰森之子）
"e:达蒙・兰尼斯特,e:温达米尔,e:达米昂・兰尼斯特",达米昂,r:子嗣,e:达蒙・兰尼斯特（杰森之子）
"e:詹姆・兰尼斯特,e:杰洛・兰尼斯特",绿党,r:势力,e:杰森・兰尼斯特
"e:詹姆・兰尼斯特,e:杰洛・兰尼斯特",JohannaLannister,r:配偶,e:杰森・兰尼斯特
"e:亚丽・史塔克,e:达蒙・兰尼斯特,e:埃林・斯脱克皮,e:达蒙・培吉",达蒙,r:子嗣,e:亚丽・斯脱克皮
"e:戴瑞家族,e:诺瑞吉家族,e:培克家族,e:哈蒙・培吉",哈蒙・培吉爵士,r:现任领主,e:培吉家族
"e:琼恩・雪诺,e:伊班（守夜人）,e:丹妮莉丝・坦格利安",守夜人,r:势力,e:丹纳
"e:丹妮莉丝・坦格利安,e:渥特（守夜人）,e:唐纳・菲林特",守夜人,r:势力,e:丹妮・菲林特
"e:罗德利克・凯索,e:简妮・艾林,e:琼恩・艾林,e:托德利克,e:罗德利克・菲林特,e:丹妮莉丝・坦格利安,e:贝妮拉・坦格利安,e:戴蒙・坦格利安,e:艾林诺・庞洛斯",丹妮・坦格利安公主,r:配偶,e:罗德利克・艾林
"e:杰赫里斯・坦格利安二世,e:伊耿・坦格利安一世,e:雷加・坦格利安,e:伊里斯・坦格利安一世",杰赫里斯・坦格利安一世,r:配偶,e:亚莉珊・坦格利安
"e:杰赫里斯・坦格利安二世,e:雷加・坦格利安,e:伊里斯・坦格利安一世,e:伊耿・坦格利安一世,e:伊纳尔・坦格利安",伊尼斯・坦格利安一世,r:父亲,e:亚莉珊・坦格利安
"e:杰赫里斯・坦格利安二世,e:雷妮丝・坦格利安（伊蒙之女）,e:雷加・坦格利安,e:伊耿・黑火,e:伊纳尔・坦格利安,e:伊耿・坦格利安五世,e:伊耿・坦格利安一世",伊耿,r:子嗣,e:亚莉珊・坦格利安
"e:杰赫里斯・坦格利安二世,e:雷妮丝・坦格利安,e:雷加・坦格利安,e:丹妮莉丝・坦格利安,e:丹妮莉丝・坦格利安",丹妮莉丝,r:子嗣,e:亚莉珊・坦格利安
"e:杰赫里斯・坦格利安二世,e:亚莉珊・布尔威,e:伊耿・坦格利安（贝尔隆之子）,e:伊纳尔・坦格利安,e:雷加・坦格利安,e:贝尔顿,e:马文・贝尔摩",贝尔隆,r:子嗣,e:亚莉珊・坦格利安
"e:杰赫里斯・坦格利安二世,e:亚莉珊・莱佛德,e:雷加・坦格利安,e:阿莱莎・艾林,e:阿莱莎・坦格利安",阿莱莎,r:子嗣,e:亚莉珊・坦格利安
"e:杰赫里斯・坦格利安二世,e:雷妮丝・坦格利安（伊蒙之女）,e:亚莉珊・莫尔蒙,e:雷加・坦格利安,e:戴蒙・坦格利安,e:伊蒙・坦格利安（梅卡一世之子）,e:伊蒙・河文,e:伊蒙德・坦格利安",伊蒙,r:子嗣,e:亚莉珊・坦格利安
"e:杰赫里斯・坦格利安二世,e:雷妮丝・坦格利安,e:雷加・坦格利安,e:丹妮莉丝・坦格利安,e:丹妮・菲林特,e:丹妮莉丝・坦格利安",丹妮,r:子嗣,e:亚莉珊・坦格利安
"e:杰赫里斯・坦格利安二世,e:雷加・坦格利安,e:玛格娜・佛雷,e:玛格娜・坦格利安",玛格娜,r:子嗣,e:亚莉珊・坦格利安
"e:杰赫里斯・坦格利安二世,e:雷加・坦格利安,e:维桑尼亚・坦格利安",《无龙者》维耿博士,r:子嗣,e:亚莉珊・坦格利安
"e:杰赫里斯・坦格利安二世,e:雷妮丝・坦格利安,e:雷拉・坦格利安,e:雷加・坦格利安,e:妮拉,e:贝妮拉・坦格利安",塞妮拉,r:子嗣,e:亚莉珊・坦格利安
"e:杰赫里斯・坦格利安二世,e:雷加・坦格利安,e:维拉尔,e:维桑尼亚・坦格利安,e:雷拉・坦格利安",维桑瑞拉,r:子嗣,e:亚莉珊・坦格利安
"e:杰赫里斯・坦格利安二世,e:亚莉珊・莫尔蒙,e:雷加・坦格利安,e:安盖,e:戴蒙・坦格利安",盖蒙,r:子嗣,e:亚莉珊・坦格利安
"e:杰赫里斯・坦格利安二世,e:雷加・坦格利安,e:亚梭尔・亚亥,e:阿莱莎・坦格利安",韦莱利昂,r:子嗣,e:亚莉珊・坦格利安
"e:杰赫里斯・坦格利安二世,e:雷加・坦格利安,e:安盖",盖蕊,r:子嗣,e:亚莉珊・坦格利安
"e:丹妮莉丝・坦格利安（伊耿四世之女）,e:雷妮丝・坦格利安（伊蒙之女）,e:雷妮丝・坦格利安,e:伊耿・坦格利安（雷加之子）,e:伊蒙・坦格利安（梅卡一世之子）,e:梅卡・坦格利安一世",卓戈卡奥（第一任）,r:配偶,e:丹妮莉丝・坦格利安
"e:丹妮莉丝・坦格利安（伊耿四世之女）,e:雷妮丝・坦格利安（伊蒙之女）,e:西茨达拉・佐・洛拉克,e:雷妮丝・坦格利安,e:雷拉・坦格利安,e:伊耿・坦格利安（雷加之子）,e:贝妮拉・坦格利安,e:贝勒・坦格利安（戴伦二世之子）",西茨达拉・佐・洛拉克（第二任）,r:配偶,e:丹妮莉丝・坦格利安
"e:丹尼斯・达克林,e:佩林家族",灭亡,r:现任领主,e:达克林家族
"e:琼恩・雪诺,e:丹尼斯・艾林,e:丹尼斯・斯壮,e:渥特（守夜人）,e:乔赛斯・梅利斯特",守夜人,r:势力,e:丹尼斯・梅利斯特
e:丹尼斯・艾林,黄金团,r:势力,e:丹尼斯・斯壮
"e:莫洛斯・史林特,e:赫伦堡,e:卡伦家族,e:托伦特家族,e:史拉特家族",无，曾经为赫伦堡,r:封地,e:史林特家族
"e:莫洛斯・史林特,e:史拉特家族,e:杰索・史林特,e:寡妇望的菲林特家族",莫洛斯・史林特伯爵,r:现任领主,e:史林特家族
"e:莫洛斯・史林特,e:杰诺斯・史林特,e:杰索・史林特,e:寡妇望的菲林特家族,e:史拉特家族",杰诺斯・史林特伯爵,r:建立者,e:史林特家族
"e:艾莉亚・史塔克,e:佛雷家族,e:赫伦堡,e:卡伦家族,e:斯洛安家族",无（前为赫伦堡）,r:封地,e:河安家族
"e:佛雷家族,e:斯洛安家族",灭亡,r:现任领主,e:河安家族
"e:莎塔雅,e:丹妮莉丝・坦格利安",莎塔雅的妓院,r:势力,e:丹晰
"e:亚莲恩・马泰尔,e:塔斯的亚莲恩,e:昆廷・马泰尔",亚莲恩,r:继承人,e:道朗・马泰尔
"e:亚莲恩・马泰尔,e:塔斯的亚莲恩,e:昆廷・马泰尔",亚莲恩,r:子嗣,e:道朗・马泰尔
"e:亚莲恩・马泰尔,e:崔斯顿,e:崔斯丹・马泰尔,e:昆廷・马泰尔",崔斯丹,r:子嗣,e:道朗・马泰尔
"e:亚莲恩・马泰尔,e:昆廷・波尔,e:昆廷・马泰尔",昆廷,r:子嗣,e:道朗・马泰尔
"e:提利昂・兰尼斯特,e:亚莲恩・马泰尔,e:瑟曦・兰尼斯特,e:曼佛里・马泰尔,e:托曼・兰尼斯特一世,e:托曼・徒利,e:昆廷・马泰尔",托曼・兰尼斯特,r:封君,e:道朗・马泰尔
"e:提利昂・兰尼斯特,e:提利昂・兰尼斯特三世,e:瑟曦・兰尼斯特,e:乔安娜・兰尼斯特,e:杰洛・兰尼斯特三世,e:杰洛・兰尼斯特",杰洛・兰尼斯特三世之女,r:配偶,e:乔佛里・兰尼斯特
e:夏德,无旗兄弟会,r:势力,e:德内
"e:琼恩・雪诺,e:邓肯・坦格利安,e:伊班（守夜人）,e:托伦・里德尔",守夜人,r:势力,e:邓肯・里德尔
"e:邓肯・坦格利安,e:劳勃・斯壮",黄金团,r:势力,e:邓肯・斯壮
"e:迪冯・凡斯,e:乔安娜・佛雷,e:玛蕊莲・凡斯,e:亚丽・佛雷",迪冯・凡斯爵士,r:配偶,e:玛格娜・佛雷
"e:琼恩・雪诺,e:琼恩・霍拉德,e:迪克・科尔,e:伊班（守夜人）",守夜人,r:势力,e:迪克・佛拉德
"e:迪克・佛拉德,e:威尔・科尔",黄金团,r:势力,e:迪克・科尔
"e:狄肯・塔利,e:杰曼・佛雷,e:杰莫斯・佛雷",杰莫斯・佛雷爵士,r:父亲,e:狄肯・佛雷
"e:狄肯・曼伍笛,e:曼宁家族",达苟士・曼伍笛,r:现任领主,e:曼伍笛家族
"e:琼恩・雪诺,e:伊班（守夜人）,e:哈利昂・卡史塔克",守夜人,r:势力,e:迪利
e:锤子,次子团,r:势力,e:钉子
"e:君临的拜拉席恩家族,e:劳勃・拜拉席恩",拜拉席恩家族,r:势力,e:葛文・拜拉席恩
"e:琼恩・雪诺,e:伊班（守夜人）,e:短耳",守夜人,r:势力,e:短刃
"e:琼恩・雪诺,e:伊班（守夜人）",守夜人,r:势力,e:断掌科林
"e:伊班（守夜人）,e:奥德罗",守夜人,r:势力,e:独臂奥罗
"e:丹妮莉丝・坦格利安,e:杜兰登家族",龙之母仆从,r:势力,e:杜兰
e:杜兰登家族,无垢者,r:势力,e:杜兰
e:修夫,石鸦部,r:势力,e:多夫
"e:领主（无面者）,e:席恩・史塔克",无面者,r:势力,e:饿鬼
e:奥普,勇士团,r:势力,e:厄特
"e:哈罗威家族,e:普莱斯坦家族",灭亡,r:现任领主,e:罗斯坦家族
"e:哈罗威家族,e:卢卡斯・哈罗威,e:琼恩・罗斯坦,e:罗斯比家族,e:普莱斯坦家族",卢卡斯・罗斯坦爵士,r:建立者,e:罗斯坦家族
e:丹妮莉丝・坦格利安,不朽者,r:势力,e:俳雅・菩厉
"e:伊班（守夜人）,e:莫罗娅・海塔尔",守夜人,r:势力,e:疯斧
e:猎人哈雷,无旗兄弟会,r:势力,e:疯猎人
e:丹妮莉丝・坦格利安,次子团,r:势力,e:分妮
"e:莱顿家族,e:沙略特家族,e:宴火镇,e:夜歌城的福特家族,e:戴瑞城的兰尼斯特家族,e:莱彻斯特家族",宴火城,r:封地,e:普莱斯特家族
"e:琼恩・雪诺,e:伊班（守夜人）,e:盖里斯・丁瓦特",守夜人,r:势力,e:福克
e:福兰克林・佛勒,黄金团,r:势力,e:福兰克林・佛花
e:伊班（守夜人）,守夜人,r:势力,e:佛尼奥
"e:平民,e:贝里・唐德利恩",石民,r:势力,e:裹尸布大王
"e:盖尔斯・法温,e:罗兰・克雷赫（御林铁卫）",御林铁卫,r:势力,e:盖尔斯
"e:盖尔斯・法温,e:加尔斯・格林菲尔,e:杰洛・格拉夫森",杰洛・格拉夫森伯爵,r:父亲,e:盖尔斯・格拉夫森
e:吉欣,芜菁,r:子嗣,e:盖吉
e:丁瓦特家族,风吹团,r:势力,e:盖里斯・丁瓦特
"e:琼恩・雪诺,e:伊班（守夜人）,e:安盖",守夜人,r:势力,e:盖瑞
"e:格林顿城,e:佩林家族",灰盾岛,r:封地,e:格林家族
"e:格林顿城,e:冈塞・格林,e:西格林,e:格林菲尔家族,e:佩林家族",冈塞・格林伯爵,r:现任领主,e:格林家族
"e:简妮・海德,e:冈梭尔・海塔尔,e:简妮・佛勒,e:丹妮斯・海塔尔,e:莱昂妮・佛索威,e:琼恩・海塔尔",冈梭尔・海塔尔爵士,r:配偶,e:简妮・佛索威
"e:伊班（守夜人）,e:修夫",守夜人,r:势力,e:高夫
"e:丹妮莉丝・坦格利安,e:伊耿・坦格利安一世,e:邓肯・坦格利安",邓肯，233AC至239AC,r:继承人,e:伊耿・坦格利安五世
"e:丹妮莉丝・坦格利安,e:伊耿・坦格利安一世,e:伊耿・坦格利安（杰赫里斯一世之子）,e:伊耿・坦格利安（伊里斯二世之子）,e:伊里斯・坦格利安二世,e:杰赫里斯・坦格利安二世",杰赫里斯，239AC至259AC,r:继承人,e:伊耿・坦格利安五世
"e:丹妮莉丝・坦格利安,e:戴伦・瓦列利安,e:伊耿・坦格利安一世,e:戴伦・坦格利安一世,e:戴蒙・坦格利安,e:赫伦,e:戴伦・坦格利安（梅卡一世之子）,e:戴伦・万斯",戴伦,r:子嗣,e:伊耿・坦格利安五世
"e:丹妮莉丝・坦格利安,e:伊耿・坦格利安一世,e:瓦里斯,e:伊耿・坦格利安（杰赫里斯一世之子）,e:伊耿・坦格利安（伊里斯二世之子）,e:伊里斯・坦格利安二世,e:杰赫里斯・坦格利安二世",杰赫里斯,r:子嗣,e:伊耿・坦格利安五世
"e:丹妮莉丝・坦格利安,e:伊耿・坦格利安一世,e:邓肯・斯壮,e:邓肯・坦格利安",邓肯,r:子嗣,e:伊耿・坦格利安五世
"e:丹妮莉丝・坦格利安,e:伊耿・坦格利安一世,e:雷拉・坦格利安,e:亚拉尔・狄姆,e:维桑尼亚・坦格利安",莎亚拉,r:子嗣,e:伊耿・坦格利安五世
"e:丹妮莉丝・坦格利安,e:安德雷・达特,e:伊耿・坦格利安一世,e:雷妮丝・坦格利安,e:雷蕾・坦格利安,e:雷加・坦格利安,e:伊耿・坦格利安（雷加之子）",雷蕾,r:子嗣,e:伊耿・坦格利安五世
"e:丹妮莉丝・坦格利安,e:伊耿・坦格利安一世,e:雷妮丝・坦格利安,e:伊耿・黑火,e:雷加・坦格利安,e:戴蒙・坦格利安,e:伊蒙德・坦格利安,e:戴佛斯・戴恩,e:维桑尼亚・坦格利安,e:亚瑟・戴恩,e:戴伦・坦格利安一世,e:戴安娜・坦格利安",戴亚娜・戴恩,r:母亲,e:伊耿・坦格利安五世
e:伊利昂・坦格利安（梅卡一世之子）,《明焰》伊利昂,r:兄弟姐妹,e:伊耿・坦格利安五世
e:伊蒙・坦格利安（梅卡一世之子）,伊蒙学士,r:兄弟姐妹,e:伊耿・坦格利安五世
"e:丹妮莉丝・坦格利安,e:丹妮莉丝・坦格利安,e:伊耿・坦格利安一世,e:雷妮丝・坦格利安,e:丹妮・菲林特",丹妮,r:兄弟姐妹,e:伊耿・坦格利安五世
"e:丹妮莉丝・坦格利安,e:安德雷・达特,e:伊耿・坦格利安一世,e:雷妮丝・坦格利安,e:雷迩・坦格利安,e:雷加・坦格利安,e:伊耿・坦格利安（雷加之子）",雷迩,r:兄弟姐妹,e:伊耿・坦格利安五世
"e:丹妮莉丝・坦格利安,e:伊耿・坦格利安一世,e:戴蒙・坦格利安,e:戴伦・坦格利安（梅卡一世之子）,e:戴伦・坦格利安一世",《醉鬼》戴伦,r:兄弟姐妹,e:伊耿・坦格利安五世
"e:琼恩・雪诺,e:伊班（守夜人）,e:乔斯",守夜人,r:势力,e:高斯
"e:泰陀斯・佛雷,e:杰瑞・佛雷,e:高斯・古柏克,e:妲拉・佛雷",高斯・古柏克爵士,r:配偶,e:凯拉・佛雷
"e:琼恩・雪诺,e:渥特（守夜人）,e:亨佛利・赫威特",守夜人,r:势力,e:葛兰登・赫威特
"e:琼恩・雪诺,e:布兰・史塔克,e:伊班（守夜人）",守夜人,r:势力,e:葛兰
"e:梅林家族,e:尸骸湖的古柏勒家族,e:葛欧得・古柏勒,e:葛蓝・古柏勒",葛欧得・古柏勒大人,r:现任领主,e:古柏勒家族
"e:君临的拜拉席恩家族,e:分恩家族,e:伊根家族,e:宇家族",拜拉席恩家族,r:效忠于,e:莫里根家族
e:兰尼斯特家族,兰尼斯特家族,r:势力,e:格雷果・克里冈
e:克里冈家族,克里冈家族,r:势力,e:格雷果・克里冈
e:桑铎・克里冈,桑铎・克里冈,r:继承人,e:格雷果・克里冈
e:瑟曦・兰尼斯特,瑟曦・兰尼斯特,r:封君,e:格雷果・克里冈
e:泰温・兰尼斯特,泰温・兰尼斯特,r:封君,e:格雷果・克里冈
"e:格雷果・克里冈,e:达丽莎・马尔布兰,e:雨果・艾林",艾丽莎・布兰菲尔,r:配偶,e:格雷果・森林
e:伊班（守夜人）,守夜人,r:势力,e:葛鲁布
"e:琼恩・雪诺,e:伊班（守夜人）,e:华伦",守夜人,r:势力,e:葛伦
"e:葛曼・提利尔,e:米斯・托因",黑党,r:势力,e:葛曼・马赛
"e:奥托莫,e:葛曼・马赛,e:诺曼德・提利尔",学城,r:势力,e:葛曼・提利尔
e:修夫,暴鸦团,r:势力,e:鳏夫
e:领主（无面者）,无面者,r:势力,e:古板脸
e:里查德・莫里根,彩虹护卫,r:势力,e:古德・莫里根
e:派崔克・凡斯,后党,r:势力,e:国王山的派崔克
"e:琼恩・雪诺,e:伊班（守夜人）,e:哈克",守夜人,r:势力,e:哈布
"e:琼恩・雪诺,e:威尔,e:伊班（守夜人）,e:哈尔克",守夜人,r:势力,e:哈尔
"e:哈尔克,e:哈尔文・霍尔",哈尔温・霍尔,r:父亲,e:哈尔克・霍尔
"e:哈尔克,e:科格尔总司令,e:摩霍尔,e:赫伦・霍尔,e:哈尔文・霍尔",霍尔总司令,r:子嗣,e:哈尔克・霍尔
"e:赫伦堡,e:赫伦,e:赫拉斯・霍尔",至少四个儿子,r:子嗣,e:赫伦・霍尔
"e:哈尔温・普棱,e:哈尔",无旗兄弟会,r:势力,e:哈尔温
e:哈尔克・霍尔,科尔文・霍尔,r:父亲,e:哈尔文・霍尔
e:卓戈,卓戈卡奥,r:势力,e:哈戈
e:海伍德・史陶,后党,r:势力,e:海伍德・费尔
"e:琼恩・雪诺,e:拉克,e:伊班（守夜人）,e:哈尔克",守夜人,r:势力,e:哈克
"e:罗兰・克雷赫（御林铁卫）,e:修夫・格兰德森",御林铁卫,r:势力,e:哈兰・格兰德森
"e:炼金术士（人）,e:哈克",炼金术士公会,r:势力,e:哈林
"e:琼恩・雪诺,e:伊班（守夜人）,e:哈里士（大学士）",守夜人,r:势力,e:哈里士
e:斯崔克兰家族,黄金团,r:势力,e:哈利・斯崔克兰
"e:哈利昂・卡史塔克,e:凯索家族",索耶家族,r:势力,e:哈利・索耶
"e:哈罗德・哈顿,e:米斯・托因,e:罗兰德・达克林",黑党,r:势力,e:哈罗德・达克
"e:哈罗德・哈顿,e:亚丽・河文,e:罗兰德・达克林",女王铁卫,r:势力,e:哈罗德・达克
"e:哈罗德・哈顿,e:罗兰・克雷赫（御林铁卫）,e:维斯特林家族,e:加文・维斯特林,e:罗兰德・维斯特林",御林铁卫,r:势力,e:哈罗德・维斯特林
e:安柏家族,安柏家族，封建领主,r:执政者,e:最后壁炉城
"e:吉利安・兰尼斯特,e:凯冯・兰尼斯特,e:托曼・兰尼斯特二世,e:泰沃德・兰尼斯特,e:赫伦・霍尔,e:哈穆德・夏普,e:哈穆德・霍尔一世",莱利娅・兰尼斯特,r:配偶,e:哈穆德・霍尔二世
"e:哈尔克・霍尔,e:哈穆德・霍尔一世",哈根・霍尔,r:子嗣,e:哈穆德・霍尔二世
"e:吉利安・兰尼斯特,e:提利昂・兰尼斯特三世,e:凯冯・兰尼斯特,e:杰洛・兰尼斯特三世,e:泰沃德・兰尼斯特,e:赫伦・霍尔,e:哈穆德・夏普,e:哈穆德・霍尔一世",莱利娅・兰尼斯特,r:母亲,e:哈穆德・霍尔三世
"e:哈瑞斯・霍伍德,e:贝拉・霍伍德,e:威里斯・曼德勒,e:薇拉・曼德勒",第一任哈瑞斯・霍伍德伯爵,r:配偶,e:唐娜拉・曼德勒
"e:拉姆斯・波顿,e:威里斯・曼德勒,e:薇拉・曼德勒",第二任拉姆斯・雪诺,r:配偶,e:唐娜拉・曼德勒
"e:波顿家族,e:威里斯・曼德勒,e:黎德家族,e:乌勒家族,e:切斯德家族,e:杜斯顿伯里",杜斯顿伯里，白港,r:封地,e:曼德勒家族
"e:乔拉・莫尔蒙,e:摩霍尔,e:赫伦・霍尔,e:拉瓦斯・霍尔",一位安达尔夫人,r:配偶,e:赫拉斯・霍尔
e:盖里斯・丁瓦特,风吹团,r:势力,e:黑人杰罗德
"e:本福德・陶哈,e:艾妲・陶哈",艾妲,r:子嗣,e:赫曼・陶哈
"e:本福德・陶哈,e:艾妲・陶哈",本福德,r:子嗣,e:赫曼・陶哈
"e:本福德・陶哈,e:兰巴德・陶哈,e:艾妲・陶哈",兰巴德,r:兄弟姐妹,e:赫曼・陶哈
e:亨佛利・哈顿,都城守备队,r:势力,e:亨佛利・维水
"e:琼恩・雪诺,e:亨利（老）,e:伊班（守夜人）",守夜人,r:势力,e:亨利（小）
e:亨佛利・哈顿,黄金团,r:势力,e:亨佛利・石东
"e:琼恩・雪诺,e:亨利（小）,e:伊班（守夜人）",守夜人,r:势力,e:亨利（老）
"e:伊班（守夜人）,e:卡伦",守夜人逃兵,r:势力,e:华伦
e:修夫・格兰德森,无垢者,r:势力,e:灰虫子
"e:琼恩・雪诺,e:陶德,e:伊班（守夜人）",守夜人,r:势力,e:霍德
"e:米歇尔・雷德佛,e:克雷顿・雷德佛",公义者同盟,r:势力,e:霍顿・雷德佛
e:霍格家族,石鸦部,r:势力,e:霍格
"e:加尔斯（旧镇）,e:伊班（守夜人）",守夜人,r:势力,e:加尔斯（格林纳威）
"e:琼恩・雪诺,e:加尔斯（格林纳威）,e:伊班（守夜人）,e:加尔斯（狼穴）",守夜人,r:势力,e:加尔斯（旧镇）
e:加尔斯・园丁一世,孟勒・园丁一世,r:继承人,e:加尔斯・园丁九世
e:加尔斯・园丁一世,孟勒・园丁一世,r:子嗣,e:加尔斯・园丁九世
"e:林恩・科布瑞,e:密瑞家族",林恩・科布瑞爵士,r:继承人,e:科布瑞家族
"e:领主（无面者）,e:瓦妲・佛雷（胖子）",无面者,r:势力,e:胖子
"e:琼恩・雪诺,e:伊班（守夜人）,e:拉蕾萨",守夜人,r:势力,e:贾克斯
e:领主（无面者）,无面者,r:势力,e:贾昆・赫加尔
"e:加勒敦・佛花,e:米斯・托因",黑党,r:势力,e:加勒敦・戈德
"e:加勒敦・佛花,e:亚丽・河文",女王铁卫,r:势力,e:加勒敦・戈德
"e:琼恩・雪诺,e:伊班（守夜人）,e:布克威尔家族",守夜人,r:势力,e:贾曼・布克威尔
"e:简妮・佛勒,e:米斯・托因",黑党,r:势力,e:简妮・艾林
"e:劳勃・佛雷,e:简妮・毕斯柏里,e:佐妮・佛雷,e:本・毕斯柏里,e:本佛雷・佛雷,e:简妮・佛勒",首任简妮・毕斯柏里,r:配偶,e:雷加・佛雷
"e:劳勃・佛雷,e:薇尔菲德・曼德勒,e:薇拉・曼德勒,e:威曼・曼德勒,e:瓦德・佛雷,e:雷蒙德・佛雷",订婚薇尔菲德・曼德勒,r:配偶,e:雷加・佛雷
"e:派温・佛雷,e:拜伦・史文,e:简妮・史文,e:佐妮・佛雷,e:惠伦・佛雷,e:科萝妮・史文",第一任科萝妮・史文,r:配偶,e:史提夫伦・佛雷
"e:派温・佛雷,e:简妮・莱顿,e:简妮・佛勒,e:佐妮・佛雷,e:惠伦・佛雷",第二任简妮・莱顿,r:配偶,e:史提夫伦・佛雷
"e:派温・佛雷,e:惠伦・佛雷,e:科马・佛雷,e:乔安娜・佛雷,e:马塞娜・韦伍德,e:伊利・韦伍德",第三任马塞娜・韦伍德,r:配偶,e:史提夫伦・佛雷
"e:简妮・毕斯柏里,e:卢卡斯・哈罗威,e:简妮・佛勒,e:琼恩・罗斯坦",卢卡斯・罗斯坦,r:父亲,e:简妮・罗斯坦
"e:简妮・佛勒,e:伊耿・坦格利安五世,e:伊耿・坦格利安四世,e:罗伊斯・波顿四世,e:珍妮・罗伊斯,e:琼恩・罗斯坦",伊耿四世,r:恋情,e:简妮・罗斯坦
e:简妮・维斯特林,第二任梅葛一世,r:配偶,e:简妮・维斯特林（梅葛一世之妻）
"e:简妮・维斯特林,e:埃林・亨特,e:埃林・塔贝克,e:埃林・克林顿",第一任埃林・塔贝克,r:配偶,e:简妮・维斯特林（梅葛一世之妻）
e:简妮・维斯特林,与梅葛畸形死胎,r:子嗣,e:简妮・维斯特林（梅葛一世之妻）
e:简妮・维斯特林,与埃林一个遗腹子,r:子嗣,e:简妮・维斯特林（梅葛一世之妻）
e:尖角,勇士团,r:势力,e:尖牙
"e:加文・威尔德,e:简妮・海德,e:简妮・维水,e:简妮・维斯特林",简妮,r:子嗣,e:加文・维斯特林
"e:加文・威尔德,e:加文・葛洛佛,e:简妮・维斯特林,e:洛拉姆・维斯特林",洛拉姆,r:子嗣,e:加文・维斯特林
"e:加文・威尔德,e:艾琳妮亚・维斯特林,e:简妮・维斯特林",艾琳妮亚,r:子嗣,e:加文・维斯特林
"e:加文・威尔德,e:简妮・维斯特林,e:雷纳德・维斯特林,e:雷纳德・维伯",雷纳德,r:子嗣,e:加文・维斯特林
"e:琼恩・雪诺,e:莫尔蒙家族,e:伊班（守夜人）,e:乔拉・莫尔蒙",守夜人,r:势力,e:杰奥・莫尔蒙
"e:莫尔蒙家族,e:乔拉・莫尔蒙",曾是乔拉・莫尔蒙,r:继承人,e:杰奥・莫尔蒙
"e:琼恩・雪诺,e:伊班（守夜人）,e:麻脸提姆",守夜人,r:势力,e:结巴提姆
"e:琼恩・雪诺,e:伊班（守夜人）,e:劳勃・佛花",守夜人,r:势力,e:杰佛・佛花
"e:伊里斯・坦格利安二世,e:杰赫里斯・坦格利安（伊里斯二世之子）,e:戴伦・坦格利安（伊耿五世之子）",绿党,r:势力,e:杰赫里斯・坦格利安（伊耿二世之子）
"e:伊里斯・坦格利安二世,e:伊里斯・坦格利安二世,e:伊耿・坦格利安（伊里斯二世之子）,e:罗拔・罗伊斯二世",伊里斯二世,r:父亲,e:杰赫里斯・坦格利安（伊里斯二世之子）
"e:杰克・布尔威,e:琼恩・雪诺,e:伊班（守夜人）,e:穆斯古德家族",守夜人,r:势力,e:杰克・穆斯古德
"e:杰克,e:伊班（守夜人）,e:琼恩・布尔威",守夜人,r:势力,e:杰克・布尔威
"e:夜王,e:阿拉德・佛罗伦",王党,r:势力,e:杰拉德・高尔
"e:琼恩・雪诺,e:伊班（守夜人）,e:华伦",守夜人,r:势力,e:杰伦
"e:杰洛・戴恩,e:罗兰・克雷赫（御林铁卫）,e:伦赛・海塔尔",御林铁卫,r:势力,e:杰洛・海塔尔
"e:提利昂・兰尼斯特,e:杰克,e:杰洛・戴恩,e:杰洛・兰尼斯特,e:杰洛・兰尼斯特三世,e:杰森・兰尼斯特（杰洛之子）,e:杰森・兰尼斯特,e:杰洛・兰尼斯特",杰洛,r:子嗣,e:提利昂・兰尼斯特三世
"e:詹姆・兰尼斯特,e:杰洛・兰尼斯特,e:琼尼尔・史塔克",独女,r:继承人,e:杰洛・兰尼斯特三世
"e:詹姆・兰尼斯特,e:杰洛・兰尼斯特,e:琼尼尔・史塔克",独女,r:子嗣,e:杰洛・兰尼斯特三世
"e:杰森・梅利斯特,e:戴瑞城的兰尼斯特家族,e:梅利斯特家族",梅利斯特家族，封臣,r:执政者,e:海疆城
"e:莱昂妮・佛索威,e:玛格丽・提利尔,e:琼恩・佛索威,e:泰娜・威尔德,e:米娜・提利尔,e:琼恩・威尔德",琼恩・佛索威爵士,r:配偶,e:洁娜・提利尔
"e:詹姆・佛雷,e:杰诺斯・史林特,e:杰诺斯・艾林,e:劳勃・佛雷,e:杰莫斯・佛雷",劳勃,r:兄弟姐妹,e:杰诺斯・佛雷
"e:詹姆・佛雷,e:杰诺斯・史林特,e:杰诺斯・艾林,e:白瓦妲・佛雷,e:瓦德・佛雷,e:杰莫斯・佛雷,e:白瓦妲・佛雷",瓦妲,r:兄弟姐妹,e:杰诺斯・佛雷
"e:琼恩・雪诺,e:伊班（守夜人）,e:瑞佛雷・莱克",守夜人,r:势力,e:杰瑞米・莱克
"e:詹姆・兰尼斯特,e:杰森・兰尼斯特,e:蒂亚・兰尼斯特,e:亚丽・斯脱克皮",第一任亚丽・斯脱克皮,r:配偶,e:杰森・兰尼斯特（杰洛之子）
"e:詹姆・兰尼斯特,e:杰森・兰尼斯特,e:佛勒・普莱斯特,e:加里森・普莱斯特,e:拉娜・兰尼斯特",第二任玛拉・普莱斯特,r:配偶,e:杰森・兰尼斯特（杰洛之子）
"e:詹姆・兰尼斯特,e:杰森・兰尼斯特,e:杰洛・兰尼斯特",杰洛・兰尼斯特公爵,r:父亲,e:杰森・兰尼斯特（杰洛之子）
"e:詹姆・兰尼斯特,e:杰森・兰尼斯特,e:乔安娜・佛雷,e:乔安娜・兰尼斯特,e:吉娜・兰尼斯特",乔安娜,r:子嗣,e:杰森・兰尼斯特（杰洛之子）
"e:詹姆・兰尼斯特,e:杰森・兰尼斯特,e:达蒙・谢特,e:达蒙・兰尼斯特,e:达蒙・兰尼斯特（杰森之子）",达蒙,r:子嗣,e:杰森・兰尼斯特（杰洛之子）
"e:詹姆・兰尼斯特,e:杰森・兰尼斯特,e:史戴佛・兰尼斯特",史戴佛,r:子嗣,e:杰森・兰尼斯特（杰洛之子）
"e:詹姆・兰尼斯特,e:杰森・兰尼斯特,e:蜜莉儿・兰尼斯特",两儿两女,r:子嗣,e:杰森・兰尼斯特（杰洛之子）
"e:詹姆・兰尼斯特,e:提利昂・兰尼斯特,e:杰森・兰尼斯特,e:杰依・希山,e:安迪森・希山,e:瑟蕾拉・兰尼斯特,e:拉娜・兰尼斯特",莱萝拉・希山,r:子嗣,e:杰森・兰尼斯特（杰洛之子）
"e:詹姆・兰尼斯特,e:詹姆・兰尼斯特,e:泰温・兰尼斯特,e:杰森・兰尼斯特,e:泰陀斯・佛雷,e:泰陀斯・兰尼斯特",泰陀斯,r:兄弟姐妹,e:杰森・兰尼斯特（杰洛之子）
"e:詹姆・兰尼斯特,e:泰温・兰尼斯特,e:杰森・兰尼斯特,e:泰沃德・兰尼斯特",泰沃德,r:兄弟姐妹,e:杰森・兰尼斯特（杰洛之子）
"e:詹姆・兰尼斯特,e:提利昂・兰尼斯特,e:杰森・兰尼斯特,e:提恩・佛雷,e:提恩・兰尼斯特",提恩,r:兄弟姐妹,e:杰森・兰尼斯特（杰洛之子）
"e:野人王子,e:吉欣",野人,r:势力,e:吉莉
"e:杰洛・海塔尔,e:詹姆・兰尼斯特,e:蒂亚・兰尼斯特,e:杰洛・戴恩,e:杰森・兰尼斯特,e:杰洛・兰尼斯特三世,e:亚莉珊・法曼,e:亚莉珊・奥斯格雷",第一任亚莉珊・法曼,r:配偶,e:杰洛・兰尼斯特
"e:杰洛・海塔尔,e:詹姆・兰尼斯特,e:杰洛・戴恩,e:杰洛・兰尼斯特三世,e:罗翰妮・维伯,e:威曼・维伯,e:罗伦・兰尼斯特,e:杰森・兰尼斯特",第二任罗翰妮・维伯,r:配偶,e:杰洛・兰尼斯特
"e:琼恩・雪诺,e:伊班（守夜人）",守夜人,r:势力,e:筋斗琼
"e:培提尔・贝里席,e:赫伦堡的贝里席家族,e:贝尔摩家族,e:培吉家族,e:赛尔弥家族",贝里席家族,r:势力,e:吉赛尔
e:七弦汤姆,七神信仰,r:势力,e:掘墓人
"e:伊班（守夜人）,e:卡丝",守夜人,r:势力,e:卡尔
e:乔戈,风吹团,r:势力,e:卡戈
"e:凯特琳・徒利,e:琼恩・雪诺,e:渥特（守夜人）",守夜人,r:势力,e:凯特
"e:琼恩・雪诺,e:伊班（守夜人）,e:威尔",守夜人,r:势力,e:康威
e:卡斯特,次子团,r:势力,e:卡斯帕罗
"e:琼恩・雪诺,e:渥特（守夜人）,e:伟维水・派克",守夜人,r:势力,e:卡特・派克
"e:琼恩・雪诺,e:伊班（守夜人）,e:科格尔家族",守夜人,r:势力,e:科格尔总司令
"e:卓戈,e:瓦格・霍特",卓戈卡奥,r:势力,e:科霍罗
e:克拉兹,后党,r:势力,e:克拉顿・宋格
"e:琼恩・雪诺,e:伊班（守夜人）,e:克莱昂",守夜人,r:势力,e:克莱达斯
"e:克莱伦斯・克莱勃,e:罗兰・克雷赫（御林铁卫）",御林铁卫,r:势力,e:克莱伦斯・克莱勃（矮）
"e:卢伯特・克莱勃,e:罗兰・克雷赫（御林铁卫）",御林铁卫,r:势力,e:克莱蒙特・克莱勃
e:布劳恩家族,月人部,r:势力,e:克劳恩
"e:琼恩・史塔克,e:米斯・托因,e:克雷根・卡史塔克",黑党,r:势力,e:克雷根・史塔克
"e:琼恩・史塔克,e:莱安娜・史塔克,e:班扬・史塔克,e:欧文・诺瑞,e:克雷根・卡史塔克,e:艾德・史塔克",第一任:艾娜・诺瑞,r:配偶,e:克雷根・史塔克
"e:琼恩・史塔克,e:亚丽・史塔克,e:亚莉珊・史塔克,e:班扬・史塔克,e:克雷根・卡史塔克,e:班吉寇・布莱伍德,e:罗德利克・布莱伍德",第二任:亚莉珊・布莱伍德,r:配偶,e:克雷根・史塔克
"e:琼恩・史塔克,e:莱安娜・史塔克,e:班扬・史塔克,e:乔拉・史塔克,e:克雷根・卡史塔克",第三任:莱拉娜・史塔克,r:配偶,e:克雷根・史塔克
"e:史坦尼斯・拜拉席恩,e:蓝礼・拜拉席恩,e:克连恩家族,e:君临的拜拉席恩家族",拜拉席恩家族,r:势力,e:克礼森
"e:罗兰・克雷赫（御林铁卫）,e:普列斯顿・格林菲尔,e:迪克・科尔",御林铁卫,r:势力,e:克里斯顿・科尔
e:迪克・科尔,绿党,r:势力,e:克里斯顿・科尔
"e:琼恩・雪诺,e:伊班（守夜人）,e:密肯",守夜人,r:势力,e:肯基
"e:卓戈,e:柯蒙",卓戈卡奥,r:势力,e:柯索
"e:《自由民》罗德利克,e:奥普",自由民,r:势力,e:科特
"e:伊班（守夜人）,e:莫甘",守夜人,r:势力,e:库甘
e:魁伦,缚影士,r:势力,e:魁蜥
"e:昆廷・波尔,e:勒文・马泰尔",风吹团,r:势力,e:昆廷・马泰尔
"e:拉弗・斯通浩斯,e:特伦斯・肯宁,e:曼宁家族,e:凯切镇的肯宁家族",肯宁家族,r:势力,e:拉弗・肯宁
"e:派克岛,e:布莱克泰斯家族,e:斯帕家族,e:乌斯威克,e:拉弗・斯通浩斯,e:亚威克家族,e:卓克斯家族",老威克岛,r:封地,e:斯通浩斯家族
"e:斯帕家族,e:拉弗・斯通浩斯",TheStonehouse,r:现任领主,e:斯通浩斯家族
"e:加兰・提利尔,e:佐妮・佛雷,e:奥兰妮・提利尔,e:简妮・佛索威",加兰・提利尔侯爵,r:配偶,e:莱昂妮・佛索威
"e:劳勃・拜拉席恩,e:君临的拜拉席恩家族",拜拉席恩家族,r:势力,e:莱昂诺・拜拉席恩
"e:劳勃・斯壮,e:莱昂诺・佛雷,e:塞尔温・塔斯,e:哈尔温・普棱",哈尔温・斯壮,r:继承人,e:莱昂诺・斯壮
"e:劳勃・斯壮,e:莱昂诺・拜拉席恩,e:莱昂诺・佛雷,e:拉里斯・斯壮",拉里斯,r:子嗣,e:莱昂诺・斯壮
"e:莱昂诺・佛雷,e:醉女儿",两个女儿,r:子嗣,e:莱昂诺・斯壮
"e:艾德・史塔克,e:班扬・史塔克,e:莱安娜・史塔克,e:艾娜・葛洛佛,e:威廉・史塔克",威廉・史塔克公爵,r:配偶,e:莱安娜・葛洛佛
"e:艾德・史塔克,e:班扬・史塔克,e:布兰登・史塔克（冰眼）,e:布兰登・史塔克（失女者）,e:瑞肯・史塔克（克雷根之子）,e:布兰登・史塔克（克雷根之子）,e:莱安娜・史塔克,e:班扬・史塔克（公爵）,e:克雷根・史塔克",克雷根・史塔克公爵,r:父亲,e:莱安娜・史塔克（克雷根之女）
"e:布兰登・史塔克（克雷根之子）,e:瑞肯・史塔克（克雷根之子）",LynaraStark,r:母亲,e:莱安娜・史塔克（克雷根之女）
"e:凯特琳・徒利,e:劳勃・艾林,e:莱莎・梅斗,e:琼恩・艾林,e:琼恩・林德利,e:阿莱莎・艾林",琼恩・艾林，第一任,r:配偶,e:莱莎・徒利
"e:凯特琳・徒利,e:培提尔・贝里席,e:培提尔・佛雷,e:莱莎・梅斗",培提尔・贝里席，第二任,r:配偶,e:莱莎・徒利
"e:琼恩・雪诺,e:琼恩・布拉克斯,e:哈克,e:伊班（守夜人）,e:拉瑞克",守夜人,r:势力,e:拉克
e:奥托莫,学城,r:势力,e:拉蕾萨
e:蓝柏特・特拔瑞,后党,r:势力,e:蓝柏特・怀渥特
"e:詹姆・兰尼斯特,e:蓝赛尔・兰尼斯特",LoreonIIILannister,r:继承人,e:蓝赛尔・兰尼斯特一世
"e:詹姆・兰尼斯特,e:蓝赛尔・兰尼斯特",LoreonIIILannister,r:子嗣,e:蓝赛尔・兰尼斯特一世
e:席恩・葛雷乔伊,次子团（前）,r:势力,e:褴衣亲王
e:席恩・葛雷乔伊,风吹团,r:势力,e:褴衣亲王
e:席恩・葛雷乔伊,铁盾团（前）,r:势力,e:褴衣亲王
e:席恩・葛雷乔伊,慕女团（前）,r:势力,e:褴衣亲王
"e:劳勃・拜拉席恩,e:劳勃・艾林,e:劳勃・佛雷,e:罗柏・雷耶斯,e:艾莲・雷耶斯",艾莲,r:子嗣,e:劳勃・雷耶斯
"e:提利昂・兰尼斯特,e:劳勃・拜拉席恩,e:劳勃・艾林,e:劳勃・佛雷,e:罗尔杰,e:罗杰・霍格,e:罗杰・雷耶斯,e:罗柏・雷耶斯",罗杰,r:子嗣,e:劳勃・雷耶斯
"e:劳勃・拜拉席恩,e:劳勃・艾林,e:劳勃・佛雷,e:罗柏・雷耶斯,e:雷纳德・维伯",雷纳多,r:子嗣,e:劳勃・雷耶斯
"e:劳勃・拜拉席恩,e:劳勃・艾林,e:劳勃・雷耶斯,e:罗兰・克雷赫（御林铁卫）",御林铁卫,r:势力,e:劳勃・斯壮
e:比尔,风吹团,r:势力,e:老骨头比尔
"e:哈瑞斯・霍伍德,e:哈瑞斯・海伊,e:拉姆斯・波顿,e:泰伦斯・林德利",哈瑞斯・霍伍德伯爵,r:父亲,e:劳伦斯・雪诺
"e:伊班（守夜人）,e:褴衣亲王",守夜人,r:势力,e:老破烂
"e:琼恩・艾林,e:亚丽・艾林（雷格之妻）,e:贾斯皮・艾林",贾斯皮・艾林公爵,r:父亲,e:亚丽・艾林
"e:琼恩・艾林,e:亚丽・斯脱克皮,e:贾斯皮・艾林,e:亚丽・艾林（雷格之妻）",贾斯皮,r:子嗣,e:亚丽・艾林
"e:琼恩・艾林,e:亚丽・艾林（雷格之妻）,e:醉女儿",八个女儿,r:子嗣,e:亚丽・艾林
"e:理查德・克连恩,e:帕门・克连恩,e:梅拉雅・克连恩,e:阿拉德・佛罗伦",理查德・克连恩爵士,r:配偶,e:蕾拉妮・佛罗伦
"e:君临的拜拉席恩家族,e:博蒙德・拜拉席恩,e:劳勃・拜拉席恩",拜拉席恩家族,r:势力,e:蒙德・拜拉席恩
"e:七弦汤姆,e:普雷德",七神信仰,r:势力,e:雷那德
e:普雷德,大主教,r:势力,e:雷那德
"e:伊耿・坦格利安（伊里斯二世之子）,e:丹妮莉丝・坦格利安（伊耿四世之女）,e:米斯・托因,e:雷妮丝・坦格利安（雷加之女）",黑党,r:势力,e:雷妮丝・坦格利安（伊蒙之女）
"e:琼恩・雪诺,e:渥特（守夜人）,e:卡斯特",守夜人,r:势力,e:雷斯特
"e:雷顿・海塔尔,e:莫罗娅・海塔尔,e:雷加・佛雷,e:雷娅・罗伊斯,e:伊伦・佛罗伦",雷顿・海塔尔伯爵,r:配偶,e:雷娅・佛罗伦
"e:勒斯林・海伊,e:埃林・海伊,e:艾林・佛雷,e:佐妮・佛雷",勒斯林・海伊爵士,r:配偶,e:派娅妮・佛雷
"e:昆廷・马泰尔,e:罗兰・克雷赫（御林铁卫）",御林铁卫,r:势力,e:勒文・马泰尔
"e:里奥・提利尔（长刺）,e:奥托莫,e:席奥・提利尔",学城学士,r:势力,e:里奥・提利尔
"e:瑞卡德・索恩,e:罗兰・克雷赫（御林铁卫）",御林铁卫,r:势力,e:瑞卡德・鲁特
"e:伊班（守夜人）,e:盖尔斯",守夜人,r:势力,e:里尔斯
e:威尔,风吹团,r:势力,e:林地的威尔
e:莱昂诺・科布瑞,公义者同盟,r:势力,e:林恩・科布瑞
"e:伊班（守夜人）,e:盖里斯・丁瓦特",守夜人,r:势力,e:林克
e:海塔尔家族,海塔尔家族,r:势力,e:琳妮丝・海塔尔
"e:黛西・莫尔蒙,e:贝勒・海塔尔,e:乔拉・莫尔蒙,e:勒拉・海塔尔,e:丹妮斯・海塔尔",乔拉・莫尔蒙伯爵，第一任,r:配偶,e:琳妮丝・海塔尔
"e:崔格・欧莫伦,e:贝勒・海塔尔,e:丹妮斯・海塔尔,e:崔斯顿・海塔尔",崔格・欧莫伦，第二任,r:配偶,e:琳妮丝・海塔尔
"e:夜王,e:林斯・派柏",王党,r:势力,e:林斯
e:领主（无面者）,无面者,r:势力,e:流浪儿
"e:威曼・曼德勒,e:威里斯・曼德勒,e:薇尔菲德・曼德勒,e:维里・渥德,e:里雅・提利尔",威里斯・曼德勒爵士,r:配偶,e:里雅・渥尔菲
"e:克莱蒙特・克莱勃,e:罗兰・克雷赫（御林铁卫）,e:艾伯特・艾林",御林铁卫,r:势力,e:卢伯特・克莱勃
"e:瑟曦・佛雷,e:大瓦德・佛雷",七神信仰大主教,r:势力,e:卢琛・佛雷
"e:暮谷镇的唐纳尔,e:培克家族",暮谷镇,r:封地,e:莱克家族
"e:伊班（守夜人）,e:劳勃・斯壮",守夜人,r:势力,e:卢卡默・斯壮
"e:罗兰・克雷赫（御林铁卫）,e:劳勃・斯壮",御林铁卫,r:势力,e:卢卡默・斯壮
"e:卢卡斯・考德,e:泰陀斯・布莱伍德",泰陀斯・布莱伍德伯爵,r:父亲,e:卢卡斯・布莱伍德
"e:罗斯坦家族,e:佛索威家族",消亡,r:现任领主,e:哈罗威家族
"e:罗伊斯・波顿四世,e:罗拔・罗伊斯二世",彩虹护卫,r:势力,e:罗拔・罗伊斯
e:科伦・葛雷乔伊,科伦・葛雷乔伊公爵,r:父亲,e:罗宾・葛雷乔伊
"e:凯特琳・徒利,e:昆顿・葛雷乔伊,e:林斯・派柏,e:梅丽珊卓",派柏夫人,r:母亲,e:罗宾・葛雷乔伊
"e:唐托斯・霍拉德,e:佛拉德家族",已灭亡,r:现任领主,e:霍拉德家族
"e:罗宾・莱斯威尔,e:伊班（守夜人）",守夜人军团,r:势力,e:罗宾・莱格
"e:琼恩・史塔克,e:罗柏・史塔克,e:班扬・史塔克,e:奥斯威尔・河安,e:威尔,e:罗宾・莱格,e:罗杰・莱斯威尔,e:琼尼尔・史塔克",琼尼尔・史塔克公爵,r:配偶,e:罗宾・莱斯威尔
"e:罗宾・莱格,e:罗杰・莱斯威尔",无,r:子嗣,e:罗宾・莱斯威尔
"e:罗宾・莱斯威尔,e:罗宾・希山,e:罗纳・庞洛斯",罗纳・庞洛斯伯爵,r:父亲,e:罗宾・庞洛斯
"e:阿莱莎・坦格利安,e:罗宾・莱格,e:罗纳・庞洛斯,e:兰娜尔・庞洛斯,e:戴安娜・坦格利安,e:戴蒙・坦格利安",依兰娜・坦格利安公主,r:母亲,e:罗宾・庞洛斯
"e:琼恩・雪诺,e:罗宾・莱格,e:伊班（守夜人）",守夜人,r:势力,e:罗宾・希山
"e:罗德利克・凯索,e:艾德蒙・布莱伍德,e:西蕊・洋星,e:西蕊・布莱伍德,e:罗兰德・布莱伍德",西蕊,r:子嗣,e:罗德利克・布莱伍德
"e:罗德利克・凯索,e:罗兰德・布莱伍德,e:艾德蒙・布莱伍德,e:醉女儿",小女儿,r:子嗣,e:罗德利克・布莱伍德
"e:罗德利克・凯索,e:罗德利克・史塔克（贝隆之子）,e:艾德蒙・布莱伍德,e:罗兰德・布莱伍德",八岁儿子,r:子嗣,e:罗德利克・布莱伍德
"e:罗德利克・凯索,e:琼恩・雪诺,e:罗德利克・艾林,e:渥特（守夜人）,e:罗德里克・菲林特",守夜人,r:势力,e:罗德利克・菲林特
"e:罗柏・史塔克,e:罗德利克・凯索,e:瑞肯・史塔克（班扬之子）,e:罗德利克・史塔克",次子团,r:势力,e:罗德利克・史塔克（贝隆之子）
"e:派克岛,e:布莱克泰斯家族,e:卓鼓家族,e:乌斯威克,e:亚威克家族,e:哈斯提威克家族,e:培克家族,e:卓克斯家族,e:万斯家族",大威克岛,r:封地,e:斯帕家族
"e:卓鼓家族,e:万斯家族",TheSparr,r:现任领主,e:斯帕家族
"e:艾德勒・史塔克,e:威廉・史塔克,e:班扬・史塔克,e:威曼・曼德勒",米莱娅梅・曼德勒,r:配偶,e:罗德威・史塔克
"e:布兰登・史塔克,e:班扬・史塔克,e:布兰・史塔克,e:威廉・史塔克",布兰登・史塔克公爵,r:父亲,e:罗德威・史塔克
e:威廉・史塔克,无,r:子嗣,e:罗德威・史塔克
e:罗尔杰・布莱伍德,勇士团,r:势力,e:罗尔杰
"e:罗杰・莱斯威尔,e:罗杰・霍格,e:劳勃・雷耶斯,e:罗柏・雷耶斯",劳勃・雷耶斯伯爵,r:父亲,e:罗杰・雷耶斯
"e:哈兰・杭特,e:杰伍德・杭特,e:阿提斯・艾林,e:奥斯古德・艾林,e:罗兰德・维斯特林,e:罗宾・艾林一世,e:罗兰德・艾林二世,e:罗兰德・风暴",提奥拉・杭特,r:配偶,e:罗兰德・艾林一世
"e:罗兰・克雷赫（御林铁卫）,e:达克林家族,e:罗兰・克林顿,e:丹尼斯・达克林,e:罗兰德・维斯特林,e:哈罗德・达克",御林铁卫,r:势力,e:罗兰德・达克林
"e:罗兰・克林顿,e:罗兰・克雷赫（伯爵）",御林铁卫,r:势力,e:罗兰・克雷赫（御林铁卫）
"e:罗兰・克林顿,e:罗翰妮・维伯,e:罗兰德・维斯特林,e:梅森特・乌法林",罗翰妮・维伯子爵夫人,r:配偶,e:罗兰・乌法林
"e:玛格丽・提利尔,e:加兰・提利尔,e:奥斯蒙・提利尔,e:维拉斯・提利尔,e:罗兰・克雷赫（御林铁卫）,e:莫林・提利尔",御林铁卫,r:势力,e:洛拉斯・提利尔
"e:玛格丽・提利尔,e:加兰・提利尔,e:奥斯蒙・提利尔,e:维拉斯・提利尔",彩虹护卫,r:势力,e:洛拉斯・提利尔
"e:提利昂・兰尼斯特,e:伊班（守夜人）,e:沙罗利恩",守夜人,r:势力,e:罗利
"e:琼恩・雪诺,e:罗里・卓鼓,e:伊班（守夜人）",守夜人,r:势力,e:罗里
"e:罗利,e:哈罗德・达克",黄金团,r:势力,e:罗利・达克菲
"e:洛伦特・提利尔,e:罗兰・克雷赫（御林铁卫）,e:埃林・马尔布兰",御林铁卫,r:势力,e:洛伦特・马尔布兰
"e:洛伦特・提利尔,e:米斯・托因,e:亚当・马尔布兰",黑党,r:势力,e:洛伦特・马尔布兰
"e:洛伦特・提利尔,e:亚当・马尔布兰,e:亚丽・河文",女王铁卫,r:势力,e:洛伦特・马尔布兰
"e:琼恩・凡斯,e:罗纳德・风暴,e:诺勃特・凡斯,e:瓦德・凡斯",诺勃特・凡斯伯爵,r:父亲,e:罗纳德・凡斯
"e:琼恩・凡斯,e:罗纳德・风暴,e:艾德慕・徒利,e:瓦德・凡斯",艾德慕・徒利公爵,r:好友,e:罗纳德・凡斯
"e:琼恩・安柏（大琼恩）,e:罗纳德・风暴,e:琼恩・凡斯,e:瓦德・凡斯",琼恩,r:兄弟姐妹,e:罗纳德・凡斯
"e:琼恩・凡斯,e:罗纳德・风暴,e:埃勒里・凡斯,e:瓦德・凡斯",埃勒里,r:兄弟姐妹,e:罗纳德・凡斯
"e:琼恩・凡斯,e:罗纳德・风暴,e:雨果・凡斯,e:瓦德・凡斯",雨果,r:兄弟姐妹,e:罗纳德・凡斯
"e:琼恩・凡斯,e:罗纳德・风暴,e:凯司・凡斯,e:瓦德・凡斯",凯司,r:兄弟姐妹,e:罗纳德・凡斯
"e:琼恩・克林顿,e:罗兰・克林顿,e:埃琳妮・克林顿,e:埃林・克林顿,e:亚蒙德・克林顿",埃琳妮,r:子嗣,e:罗纳德・克林顿
"e:琼恩・克林顿,e:罗兰・克林顿,e:罗兰・克林顿,e:亚蒙德・克林顿",罗兰,r:子嗣,e:罗纳德・克林顿
"e:琼恩・雪诺,e:罗纳・史陶,e:伊班（守夜人）",守夜人,r:势力,e:罗纳・哈克莱
"e:罗纳・史陶,e:罗宾・庞洛斯,e:戴安娜・坦格利安,e:戴蒙・坦格利安,e:伊纳尔・坦格利安,e:兰娜尔・庞洛斯",依兰娜・坦格利安,r:配偶,e:罗纳・庞洛斯
"e:罗纳・史陶,e:罗宾・庞洛斯,e:乔斯,e:乔斯琳・庞洛斯",乔斯琳,r:子嗣,e:罗纳・庞洛斯
"e:罗纳・史陶,e:兰娜尔・庞洛斯,e:罗宾・庞洛斯",兰娜尔,r:子嗣,e:罗纳・庞洛斯
"e:罗纳・史陶,e:杰依・希山,e:罗宾・庞洛斯",杰依,r:子嗣,e:罗纳・庞洛斯
"e:罗纳・史陶,e:劳勃・艾林,e:罗宾・希山,e:罗宾・庞洛斯",罗宾,r:子嗣,e:罗纳・庞洛斯
"e:炼金术士（人）,e:卡罗特",炼金术士公会,r:势力,e:罗萨特
"e:琼恩・雪诺,e:伊班（守夜人）,e:诺奇",守夜人,r:势力,e:路奇
"e:加尔斯・园丁三世,e:布鲁斯科",淹人,r:势力,e:鲁斯
"e:伊班（守夜人）,e:布鲁斯・布克勒",守夜人,r:势力,e:鲁斯・巴勒颗
e:拉姆斯・波顿,不知名的第一任妻子,r:配偶,e:卢斯・波顿
"e:拉姆斯・波顿,e:罗德利克・莱斯威尔,e:卢斯・莱斯威尔,e:蓓珊妮・莱斯威尔,e:罗伊斯・波顿二世",蓓珊妮・莱斯威尔第二任,r:配偶,e:卢斯・波顿
"e:拉姆斯・波顿,e:瓦妲・佛雷（胖子）,e:瓦妲・佛雷（美女）,e:瓦德・佛雷,e:白瓦妲・佛雷,e:林斯・莱顿",胖子瓦妲・佛雷第三任,r:配偶,e:卢斯・波顿
"e:艾莉亚・史塔克,e:罗柏・史塔克,e:罗伊斯・波顿二世,e:拉姆斯・波顿,e:班扬・史塔克,e:杰诺斯・史塔克",血色婚礼前罗柏・史塔克,r:封君,e:卢斯・波顿
"e:拉姆斯・波顿,e:卢佛斯・李科",血色婚礼后乔佛里，托曼,r:封君,e:卢斯・波顿
e:修夫・格兰德森,无旗兄弟会,r:势力,e:绿胡子
"e:琼恩・雪诺,e:渥特（守夜人）,e:盖略特・佛花",守夜人,r:势力,e:盖略特
"e:琼恩・雪诺,e:渥特（守夜人）,e:维斯特福德家族",守夜人,r:势力,e:莫尔斯・维斯特福德
"e:佛罗伦家族,e:海塔尔家族,e:高庭,e:高地城,e:高尔家族,e:穆尔家族",高地,r:封地,e:穆伦道尔家族
"e:修夫,e:戴安娜・坦格利安,e:雷妮丝・坦格利安（伊蒙之女）,e:依伦娜・坦格利安（伊耿三世之女）",修女,r:势力,e:玛格娜・坦格利安
"e:杰赫里斯・坦格利安二世,e:伊里斯・坦格利安一世,e:戴安娜・坦格利安,e:伊耿・坦格利安一世",杰赫里斯一世,r:父亲,e:玛格娜・坦格利安
"e:罗兰・克雷赫（御林铁卫）,e:梅泰林家族,e:玛瑞・梅泰林",御林铁卫,r:势力,e:迈克尔・梅泰林
e:安布罗斯,绿党,r:势力,e:马柯・安布罗斯
e:安布罗斯,蒺藜,r:势力,e:马柯・安布罗斯
"e:伊班（守夜人）,e:马柯・派柏",守夜人,r:势力,e:马柯・蓝肯菲尔
e:曼达克家族,黄金团,r:势力,e:马柯・曼达克
"e:琼恩・雪诺,e:唐纳・洛克,e:伊班（守夜人）",守夜人,r:势力,e:马拉多・洛克
e:TV:泰丽莎・梅葛亚,虎党,r:势力,e:马拉乔・梅葛亚
"e:马林・园丁三世,e:埃林・亨特,e:罗兰・克雷赫（御林铁卫）",御林铁卫,r:势力,e:马林・特兰
"e:卡伦家族,e:内兰家族",Gallowsgrey,r:封地,e:特兰家族
"e:唐德利恩家族,e:卡伦家族,e:分恩家族,e:内兰家族,e:宇家族,e:君临的拜拉席恩家族,e:史拉特家族",拜拉席恩家族,r:效忠于,e:特兰家族
"e:伊耿・黑火,e:伊尼斯・黑火",黄金团,r:势力,e:马里斯・黑火
"e:伊耿・黑火,e:一铜板简妮,e:伊尼斯・黑火",九铜板王,r:势力,e:马里斯・黑火
"e:罗兰・克雷赫（御林铁卫）,e:伊萨穆尔",御林铁卫,r:势力,e:曼登・穆尔
"e:米斯・托因,e:曼佛利・宇",黑党,r:势力,e:曼佛利・慕顿
e:曼佛利・宇,绿党,r:势力,e:曼佛利・慕顿
"e:赛提加家族,e:哈顿家族",女泉镇,r:封地,e:慕顿家族
e:慕顿家族,慕顿家族,r:势力,e:威廉・慕顿
"e:唐德利恩家族,e:贝里・唐德利恩",唐德利恩伯爵,r:父亲,e:曼佛德・唐德利恩
"e:温奇家族,e:腾石镇,e:梅泰林家族,e:明石家族",卵石镇,r:封地,e:梅林家族
"e:伊班（守夜人）,e:哈尔",守夜人,r:势力,e:毛尼
"e:拉卡洛,e:马奇",拉赫洛,r:势力,e:马奇罗
"e:史提夫伦・佛雷,e:惠伦・佛雷,e:科马・佛雷,e:多娜・沙德,e:伊利・韦伍德",史提夫伦・佛雷爵士,r:配偶,e:马塞娜・韦伍德
"e:伊班（守夜人）,e:勒斯林・海伊",守夜人,r:势力,e:马斯林
e:艾利斯特・艾林二世,多个儿子,r:子嗣,e:马索斯・艾林二世
"e:威曼・曼德勒,e:米斯・托因",黑党,r:势力,e:梅迪瑞克・曼德勒
"e:伊耿・坦格利安一世,e:戴蒙・坦格利安,e:梅卡・坦格利安一世,e:梅拉尔・坦格利安,e:维桑尼亚・坦格利安,e:亚莉珊・坦格利安",艾瑞亚・坦格利安,r:继承人,e:梅葛・坦格利安一世
"e:伊耿・坦格利安（贝尔隆之子）,e:伊耿・坦格利安一世,e:亚梭尔・亚亥,e:雷蕾・坦格利安,e:梅卡・坦格利安一世,e:贝勒・海塔尔,e:梅拉尔・坦格利安",瑟蕾茜・海塔尔,r:配偶,e:梅葛・坦格利安一世
"e:伊耿・坦格利安一世,e:梅卡・坦格利安一世,e:戴安娜・坦格利安,e:戴蒙・坦格利安,e:梅拉尔・坦格利安",《塔城》的泰安娜,r:配偶,e:梅葛・坦格利安一世
"e:伊耿・坦格利安一世,e:梅卡・坦格利安一世,e:雷妮丝・坦格利安,e:雷加・坦格利安,e:梅拉尔・坦格利安",雷妮亚・坦格利安,r:配偶,e:梅葛・坦格利安一世
"e:伊耿・坦格利安一世,e:梅卡・坦格利安一世",一些畸形胎儿,r:子嗣,e:梅葛・坦格利安一世
"e:伊耿・坦格利安一世,e:戴蒙・坦格利安,e:梅卡・坦格利安一世,e:梅拉尔・坦格利安,e:维桑尼亚・坦格利安,e:亚莉珊・坦格利安",维桑妮亚・坦格利安,r:母亲,e:梅葛・坦格利安一世
"e:亚丽・佛雷,e:卢卡斯・哈罗威,e:梅葛・坦格利安一世",梅葛一世,r:配偶,e:亚丽・哈罗威
e:迪克・佛拉德,无旗兄弟会,r:势力,e:没胡子的迪克
e:吉欣,无旗兄弟会,r:势力,e:梅吉
e:梅利恩,无旗兄弟会,r:势力,e:月镇的梅利
e:梅瑞琳,拉赫洛信仰,r:势力,e:梅丽珊卓
e:梅里・佛雷,风吹团,r:势力,e:梅里丝
e:弥尔梅罗,次子团,r:势力,e:梅罗
"e:伊班（守夜人）,e:梅纳德",守夜人,r:势力,e:梅纳德・小林
e:领主（无面者）,无面者,r:势力,e:美男子
"e:梅瑞尔・佛罗伦,e:梅瑞琳",后党,r:势力,e:梅瑞尔
"e:梅瑞尔,e:柯林・佛罗伦,e:伊姆瑞・佛罗伦",柯林・佛罗伦爵士,r:父亲,e:梅瑞尔・佛罗伦
"e:梅瑞尔,e:狄丽娜・佛罗伦,e:梅丽莎・佛罗伦",狄丽娜,r:兄弟姐妹,e:梅瑞尔・佛罗伦
"e:梅瑞尔,e:欧麦・佛罗伦,e:伊姆瑞・佛罗伦",欧麦,r:兄弟姐妹,e:梅瑞尔・佛罗伦
"e:兰娜（快乐码头）,e:梅瑞尔",快乐码头,r:势力,e:梅瑞琳
"e:琼恩・雪诺,e:伊班（守夜人）,e:梅勒",守夜人,r:势力,e:梅沙
"e:琼恩・海塔尔,e:莱蒙・海塔尔",绿党,r:势力,e:蒙德・海塔尔
"e:琼恩・海塔尔,e:莱蒙・海塔尔",第一任未知,r:配偶,e:蒙德・海塔尔
"e:琼恩・海塔尔,e:莱蒙・海塔尔",第二任SamanthaTarly,r:配偶,e:蒙德・海塔尔
"e:琼恩・海塔尔,e:莱蒙・海塔尔",盖蒙德・海塔尔,r:子嗣,e:蒙德・海塔尔
"e:琼恩・海塔尔,e:莱蒙・海塔尔",莱昂诺・海塔尔,r:子嗣,e:蒙德・海塔尔
"e:琼恩・海塔尔,e:莱蒙・海塔尔",马丁・海塔尔,r:子嗣,e:蒙德・海塔尔
"e:琼恩・海塔尔,e:丹妮斯・海塔尔,e:莱蒙・海塔尔",蓓珊妮・海塔尔,r:子嗣,e:蒙德・海塔尔
e:密尔的坦妮娅,无旗兄弟会,r:势力,e:密尔的索罗斯
"e:克雷根・史塔克,e:班扬・史塔克,e:亚丽・史塔克,e:艾莉亚・史塔克",克雷根・史塔克公爵,r:父亲,e:弥丽亚・史塔克
"e:班吉寇・布莱伍德,e:亚丽・史塔克,e:亚莉珊・莱佛德,e:艾莉亚・史塔克,e:亚莉珊・法曼,e:亚莉珊・史塔克",亚莉珊・布莱伍德,r:母亲,e:弥丽亚・史塔克
"e:托兰家族,e:高隐城的戴恩家族,e:戴恩家族,e:霍尔城",托尔城,r:封地,e:乔戴恩家族
"e:丹妮莉丝・坦格利安,e:弥桑洛",龙之母仆从,r:势力,e:弥桑德
e:弥桑洛,无垢者,r:势力,e:弥桑德
"e:丹妮莉丝・坦格利安,e:弥桑黛",龙之母仆从,r:势力,e:弥桑洛
e:特伦斯・托因,黄金团,r:势力,e:米斯・托因
e:库甘,后党,r:势力,e:莫甘
e:吉欣,无旗兄弟会,r:势力,e:墨吉
"e:七弦汤姆,e:乌勒",七神信仰,r:势力,e:莫勒
e:莫罗娅・海塔尔,黄金团,r:势力,e:莫罗・杰恩
"e:史林特家族,e:杰诺斯・史林特",杰诺斯・史林特伯爵,r:父亲,e:莫洛斯・史林特
"e:琼恩・雪诺,e:伊班（守夜人）,e:哈利昂・卡史塔克",守夜人,r:势力,e:穆利
"e:琼恩・雪诺,e:伊班（守夜人）",守夜人,r:势力,e:木桶
e:修夫・格兰德森,后党,r:势力,e:纳伯特・格兰德森
e:柠檬林,无旗兄弟会,r:势力,e:柠檬
e:波诺,无旗兄弟会,r:势力,e:诺奇
"e:领主（无面者）,e:埃林・瓦列利安",贤主,r:势力,e:女将军
"e:夜王,e:布莱伯利家族",王党,r:势力,e:欧麦・布莱伯利
e:柯林・佛罗伦,柯林・佛罗伦爵士,r:父亲,e:欧麦・佛罗伦
"e:狄丽娜・佛罗伦,e:伊伦・佛罗伦",狄丽娜,r:兄弟姐妹,e:欧麦・佛罗伦
"e:琼恩・雪诺,e:欧文・诺瑞,e:伊班（守夜人）",守夜人,r:势力,e:欧文
"e:伊蒙・科托因,e:米斯・托因",黑党,r:势力,e:欧文・科托因
e:崔格,勇士团,r:势力,e:帕格
"e:琼恩・雪诺,e:伊班（守夜人）,e:普尔家族",守夜人,r:势力,e:派普尔
"e:琼恩・雪诺,e:渥特（守夜人）,e:奥普",守夜人,r:势力,e:派特
"e:奥托莫,e:派普尔",学城,r:势力,e:派席尔
e:佛提莫・克连恩,彩虹护卫,r:势力,e:帕门・克连恩
"e:琼恩・雪诺,e:伊班（守夜人）,e:皮雅",守夜人,r:势力,e:皮革
"e:詹姆・佛雷,e:凯勒・罗伊斯,e:皮雅・佛雷,e:瓦德・佛雷,e:雅西娜・罗伊斯",瓦德・佛雷侯爵,r:配偶,e:皮雅・罗伊斯
e:罗兰达・罗宛,暴鸦团,r:势力,e:普兰达・纳・纪森
"e:罗兰・克雷赫（御林铁卫）,e:冈塞・格林,e:格林菲尔家族,e:加尔斯・格林菲尔",御林铁卫,r:势力,e:普列斯顿・格林菲尔
"e:乔佛里・瓦列利安,e:乔佛里・卡斯威,e:罗兰・克雷赫（御林铁卫）",御林铁卫,r:势力,e:乔佛里・诺科斯
"e:乔佛里・瓦列利安,e:乔佛里・卡斯威,e:罗兰・克雷赫（御林铁卫）",御林铁卫,r:势力,e:乔佛里・斯汤顿
e:乔戈,暴鸦团,r:势力,e:乔金
"e:伊班（守夜人）,e:乔戈",守夜人,r:势力,e:乔昆
"e:乔拉・史塔克,e:莫尔蒙家族,e:梅姬・莫尔蒙,e:莱拉・莫尔蒙",次子团,r:势力,e:乔拉・莫尔蒙
e:莫尔蒙家族,莫尔蒙家族,r:势力,e:乔拉・莫尔蒙
e:丹妮莉丝・坦格利安,丹妮莉丝・坦格利安,r:势力,e:乔拉・莫尔蒙
"e:乔拉・史塔克,e:莫尔蒙家族,e:梅姬・莫尔蒙,e:葛洛佛家族,e:莱拉・莫尔蒙",第一任不知名的葛洛佛家族,r:配偶,e:乔拉・莫尔蒙
"e:乔拉・史塔克,e:琼恩・海塔尔,e:莫尔蒙家族,e:梅姬・莫尔蒙,e:琳妮丝・海塔尔,e:勒拉・海塔尔,e:莱拉・莫尔蒙",第二任琳妮丝・海塔尔,r:配偶,e:乔拉・莫尔蒙
e:丹妮莉丝・坦格利安,丹妮莉丝・坦格利安,r:恋情,e:乔拉・莫尔蒙
e:琳妮丝・海塔尔,琳妮丝・海塔尔,r:恋情,e:乔拉・莫尔蒙
"e:托曼・拜拉席恩,e:乔佛里・拜拉席恩,e:君临的拜拉席恩家族,e:希琳・拜拉席恩",拜拉席恩家族,r:势力,e:乔斯琳・拜拉席恩
"e:托曼・拜拉席恩,e:乔佛里・拜拉席恩,e:戴蒙・坦格利安,e:蒙德・拜拉席恩,e:伊里斯・坦格利安一世,e:希琳・拜拉席恩,e:韦赛里斯・坦格利安",伊蒙・坦格利安,r:配偶,e:乔斯琳・拜拉席恩
"e:托曼・拜拉席恩,e:乔佛里・拜拉席恩,e:罗加・拜拉席恩,e:希琳・拜拉席恩",罗加・拜拉席恩公爵,r:父亲,e:乔斯琳・拜拉席恩
"e:托曼・拜拉席恩,e:乔佛里・拜拉席恩,e:雷妮丝・坦格利安,e:希琳・拜拉席恩",雷妮丝,r:子嗣,e:乔斯琳・拜拉席恩
e:罗纳・庞洛斯,罗纳・庞洛斯伯爵,r:父亲,e:乔斯琳・庞洛斯
"e:戴安娜・坦格利安,e:戴蒙・坦格利安,e:兰娜尔・庞洛斯,e:罗宾・庞洛斯,e:韦赛里斯・坦格利安",依兰娜・坦格利安公主,r:母亲,e:乔斯琳・庞洛斯
e:齐拉,黑耳部,r:势力,e:齐克
e:齐克,黑耳部,r:势力,e:齐拉
e:琼恩・安柏（大琼恩）,无旗兄弟会,r:势力,e:努屯的琼恩
"e:琼恩・雪诺,e:琼恩・慕顿,e:席奥・查尔顿,e:米斯・托因",黑党,r:势力,e:琼恩・查尔顿
"e:琼恩・雪诺,e:琼恩・艾林,e:罗兰・克雷赫（御林铁卫）,e:琼恩・密瑞",御林铁卫,r:势力,e:琼恩・戴瑞
"e:琼恩・雪诺,e:琼恩・库柏斯,e:派崔克・凡斯,e:诺勃特・凡斯,e:凯司・凡斯",诺勃特・凡斯伯爵,r:父亲,e:琼恩・凡斯
"e:琼恩・雪诺,e:埃勒里・凡斯,e:琼恩・库柏斯",埃勒里,r:兄弟姐妹,e:琼恩・凡斯
"e:琼恩・雪诺,e:罗纳德・凡斯,e:琼恩・罗斯坦,e:瓦德・凡斯",罗纳德,r:兄弟姐妹,e:琼恩・凡斯
"e:琼恩・雪诺,e:雨果・凡斯,e:琼恩・库柏斯",雨果,r:兄弟姐妹,e:琼恩・凡斯
"e:琼恩・雪诺,e:凯特,e:琼恩・库柏斯,e:凯司・凡斯",凯司,r:兄弟姐妹,e:琼恩・凡斯
"e:琼恩・雪诺,e:琼恩・安柏（大琼恩）,e:万斯家族,e:琼恩・凡斯,e:塔利家族,e:兰尼斯特家族,e:安柏家族",库柏斯家族,r:势力,e:琼恩・库柏斯
"e:琼恩・雪诺,e:简妮・罗斯坦,e:琼恩・凡斯",黄金团,r:势力,e:琼恩・罗斯坦
"e:布兰・史塔克,e:班扬・史塔克,e:克雷根・史塔克,e:琼恩・史塔克",克雷根・史塔克公爵,r:父亲,e:琼尼尔・史塔克
"e:布兰・史塔克,e:琼恩・史塔克",无,r:子嗣,e:琼尼尔・史塔克
"e:布兰・史塔克,e:琼恩・史塔克",LynaraStark,r:母亲,e:琼尼尔・史塔克
"e:珊莎・史塔克（瑞肯之女）,e:班扬・史塔克,e:阿托斯・史塔克,e:班扬・史塔克（甜蜜的）,e:布兰登・史塔克（冰眼）,e:班扬・史塔克（公爵）",（以《阿莲・石东》的身份）,r:势力,e:珊莎・史塔克
e:拉姆斯・波顿,拉姆斯・雪诺,r:配偶,e:珍妮・普尔
"e:琼恩・雪诺,e:渥特（守夜人）,e:齐特林家族",守夜人,r:势力,e:齐特
e:伊班（守夜人）,守夜人,r:势力,e:软足
"e:佛雷家族,e:瑞卡德・鲁特,e:艾里沙・索恩,e:霍索恩家族",索恩家族,r:势力,e:瑞卡德・索恩
"e:瑞卡德・鲁特,e:罗兰・克雷赫（御林铁卫）",御林铁卫,r:势力,e:瑞卡德・索恩
e:瑞卡德・鲁特,绿党,r:势力,e:瑞卡德・索恩
"e:威尔德家族,e:帕尔家族,e:草厅",干草厅,r:封地,e:埃洛尔家族
"e:唐德利恩家族,e:卡伦家族,e:分恩家族,e:威尔德家族,e:君临的拜拉席恩家族,e:洛拉克家族,e:帕尔家族",拜拉席恩家族,r:效忠于,e:埃洛尔家族
"e:琼恩・雪诺,e:伊班（守夜人）",守夜人,r:势力,e:赛勒达
"e:赛蒙・坦帕顿,e:哈顿家族",赛蒙・坦帕顿爵士,r:现任领主,e:坦帕顿家族
"e:瓦德・佛雷,e:简妮・史文,e:曼佛德・史文,e:佐妮・佛雷",瓦德・佛雷侯爵,r:配偶,e:赛蕊妮・史文
"e:罗柏・史塔克,e:克雷根・史塔克,e:班扬・史塔克,e:乔拉・史塔克",克雷根・史塔克公爵,r:父亲,e:撒拉・史塔克
"e:罗柏・史塔克,e:班吉寇・布莱伍德,e:亚丽・史塔克,e:班扬・史塔克,e:亚莉珊・史塔克,e:乔拉・史塔克",亚莉珊・布莱伍德,r:母亲,e:撒拉・史塔克
"e:提利昂・兰尼斯特,e:兰尼斯特家族,e:詹姆・兰尼斯特,e:詹姆・兰尼斯特,e:格雷果・克里冈,e:克里冈家族",兰尼斯特家族（前）,r:势力,e:桑铎・克里冈
"e:格雷果・克里冈,e:罗兰・克雷赫（御林铁卫）",御林铁卫（前）,r:势力,e:桑铎・克里冈
e:格雷果・克里冈,格雷果・克里冈（哥哥）,r:兄弟姐妹,e:桑铎・克里冈
"e:罗兰・克雷赫（御林铁卫）,e:加文",御林铁卫（传说）,r:势力,e:萨文
"e:琼恩・雪诺,e:伊班（守夜人）,e:盖里斯・丁瓦特",守夜人,r:势力,e:纱丁
e:珊莎・史塔克,无,r:子嗣,e:珊莎・史塔克（瑞肯之女）
"e:瓦德・佛雷,e:米妮莎・河安,e:希拉・河安,e:瓦德・河文",瓦德・佛雷侯爵,r:配偶,e:莎娅・河安
"e:琼恩・雪诺,e:伊班（守夜人）",守夜人,r:势力,e:省靴
"e:史蒂芬・佛雷,e:罗兰・克雷赫（御林铁卫）,e:达克林家族,e:丹尼斯・达克林",御林铁卫,r:势力,e:史蒂芬・达克林
"e:史蒂芬・佛雷,e:米斯・托因",黑党,r:势力,e:史蒂芬・达克林
"e:雷妮丝・坦格利安（伊蒙之女）,e:史蒂芬・佛雷,e:亚丽・河文",女王铁卫,r:势力,e:史蒂芬・达克林
e:伊班（守夜人）,守夜人逃兵,r:势力,e:史帝夫
e:《自由民》罗德利克,自由民,r:势力,e:石拇指
"e:琼恩・雪诺,e:伊班（守夜人）,e:威尔（投石）",守夜人,r:势力,e:石蛇
e:艾德蒙・布莱伍德,风吹团,r:势力,e:书本
e:伊班（守夜人）,守夜人（前）,r:势力,e:鼠厨师
e:水边寡妇,象党,r:势力,e:瓦加罗
"e:瑟恩家族,e:乔斯",瑟恩,r:势力,e:斯迪
e:米卡拉茨,圆颅党,r:势力,e:斯卡拉茨・莫・坎塔克
"e:琼恩・雪诺,e:伊班（守夜人）,e:托马・斯莫伍德",守夜人,r:势力,e:索伦・斯莫伍德
"e:琼恩・雪诺,e:伊班（守夜人）,e:泰温・佛雷",守夜人,r:势力,e:泰
"e:詹姆・佛雷,e:杰诺斯・佛雷,e:佐妮・佛雷",佐妮,r:子嗣,e:泰陀斯・佛雷
"e:詹姆・佛雷,e:杰诺斯・佛雷,e:赞奇・佛雷",赞奇,r:子嗣,e:泰陀斯・佛雷
"e:布拉佛斯的贝罗丝,e:尤斯塔斯（布拉佛斯）",布拉佛斯铁金库,r:势力,e:泰楚・奈斯托斯
"e:伊尼斯・佛雷,e:泰陀斯・佛雷,e:霍斯娜・佛雷,e:多娜・史威佛,e:卡斯伯・威尔德,e:加文・威尔德",伊尼斯・佛雷爵士,r:配偶,e:泰娜・威尔德
"e:加尔斯・园丁三世,e:乌勒",淹人,r:势力,e:塔勒
"e:托马德,e:罗兰・克雷赫（御林铁卫）,e:伊蒙・科托因",御林铁卫,r:势力,e:汤姆・科托因
"e:琼恩・雪诺,e:伊班（守夜人）,e:唐纳・卓鼓",守夜人,r:势力,e:唐纳・诺伊
"e:君临的拜拉席恩家族,e:劳勃・拜拉席恩,e:唐纳・卓鼓,e:唐德利恩家族",拜拉席恩家族,r:势力,e:唐纳・诺伊
"e:琼恩・雪诺,e:伊班（守夜人）,e:唐纳・卓鼓",守夜人,r:势力,e:唐纳・希山
"e:桑德利家族,e:厄利夫家族",盐崖岛,r:封地,e:苏克利夫家族
"e:琼恩・雪诺,e:霍德,e:伊班（守夜人）",守夜人,r:势力,e:陶德
"e:琼恩・雪诺,e:安德鲁・伊斯蒙,e:伊班（守夜人）",守夜人,r:势力,e:安德鲁・塔斯
e:拉娜,象党,r:势力,e:特兰拉娜
"e:米斯・托因,e:罗兰・克雷赫（御林铁卫）,e:泰伦斯・林德利",御林铁卫,r:势力,e:特伦斯・托因
"e:君临的拜拉席恩家族,e:分恩家族,e:宇家族,e:科托因家族,e:托兰家族",拜拉席恩家族,r:效忠于,e:托因家族
"e:凯勒,e:雄心",渊凯,r:势力,e:甜心
"e:琼恩・雪诺,e:伊班（守夜人）,e:劳勃・艾林",守夜人,r:势力,e:跳脚罗宾
e:伊蒙・伊斯蒙,次子团,r:势力,e:提贝罗・伊斯昂
e:瓦提尔・佛雷,灼人部,r:势力,e:提魅
e:瓦提尔・佛雷,勇士团,r:势力,e:提蒙
"e:麻脸提姆,e:伊班（守夜人）,e:劳勃・石东",守夜人,r:势力,e:提姆・石东
"e:阿莎・葛雷乔伊,e:乌尔马,e:乌伦・葛雷艾恩",乌尔根四世,r:继承人,e:托衮・葛雷艾恩
"e:阿莎・葛雷乔伊,e:乌伦・葛雷艾恩",乌尔根・葛雷艾恩三世,r:父亲,e:托衮・葛雷艾恩
"e:阿莎・葛雷乔伊,e:乌尔马,e:乌伦・葛雷艾恩",乌尔根四世,r:子嗣,e:托衮・葛雷艾恩
"e:乌伦・葛雷艾恩,e:埃林・奥克伍",橡岛,r:封地,e:葛雷艾恩家族
e:乌伦・葛雷艾恩,灭亡,r:现任领主,e:葛雷艾恩家族
"e:托伦・史塔克,e:米斯・托因,e:威曼・曼德勒",黑党,r:势力,e:托伦・曼德勒
"e:托伦・史塔克,e:醉女儿,e:威曼・曼德勒",女儿们,r:子嗣,e:托伦・曼德勒
"e:艾德・史塔克,e:瑞卡德・史塔克（国王）,e:托伦・史塔克,e:莱亚娜・史塔克,e:亚丽・史塔克,e:班扬・史塔克",塞丽娜・史塔克,r:母亲,e:托伦・史塔克（艾德瑞克之子）
"e:瑟曦・兰尼斯特,e:梅丽珊卓,e:法曼家族,e:托曼・徒利,e:托曼・兰尼斯特二世,e:凯特琳・徒利",法曼夫人,r:配偶,e:托曼・兰尼斯特一世
"e:托温德,e:多蒙德,e:《自由民》罗德利克",自由民,r:势力,e:托蒙德
"e:罗伊斯・波顿四世,e:罗玛・罗伊斯,e:琼恩・雪诺,e:伊班（守夜人）",守夜人,r:势力,e:威玛・罗伊斯
"e:《自由民》罗德利克,e:瓦利",自由民,r:势力,e:瓦迩
e:拉瓦斯・霍尔,勇士团,r:势力,e:瓦格・霍特
e:莫里欧・图密提斯,第一任潘托斯公主,r:配偶,e:伊利里欧・摩帕提斯
"e:西拉,e:西拉斯,e:莫里欧・图密提斯",第二任西拉,r:配偶,e:伊利里欧・摩帕提斯
e:丁瓦特家族,无旗兄弟会,r:势力,e:瓦特
e:维伯家族,风吹团,r:势力,e:维伯
"e:威尔・韦伍德,e:威尔佛,e:琼恩・雪诺,e:伊班（守夜人）",守夜人,r:势力,e:威尔
"e:佛勒家族,e:帕尔家族,e:韦尔",韦尔城,r:封地,e:韦尔家族
"e:威尔,e:迪克・科尔",黄金团,r:势力,e:威尔・科尔
e:乔金,黄金团,r:势力,e:威金
"e:威廉・威尔斯,e:罗兰・克雷赫（御林铁卫）",御林铁卫,r:势力,e:威廉・威尔德
"e:佛雷家族,e:威廉・威尔德,e:威尔,e:威尔斯家族（北境）,e:西奥多・威尔斯",威尔斯家族,r:势力,e:威廉・威尔斯
"e:罗兰・克雷赫（御林铁卫）,e:维里・渥德",御林铁卫,r:势力,e:维里・费尔
e:维里・渥德,绿党,r:势力,e:维里・费尔
"e:米斯・托因,e:马里斯・黑火,e:米斯・慕顿",黑党,r:势力,e:维里斯・慕顿
"e:威里斯・曼德勒,e:威斯,e:威里特",威里斯,r:继承人,e:威曼・曼德勒
e:妲娅,御林兄弟会,r:势力,e:温妲
"e:威曼・维伯,e:文德尔・佛雷,e:罗宛,e:罗宛伯爵（伊里斯一世）,e:维伯,e:雷纳德・维伯",罗宛伯爵之妹,r:配偶,e:文德尔・维伯
"e:琼恩・雪诺,e:伊班（守夜人）,e:罗纳・史陶",守夜人,r:势力,e:文顿・史陶
"e:奥托莫,e:格雷夫斯家族",学城,r:势力,e:沃格雷夫
"e:琼恩・雪诺,e:伊班（守夜人）,e:乌尔兹家族",守夜人,r:势力,e:乌尔马
e:乌尔兹家族,御林兄弟会,r:势力,e:乌尔马
"e:领主（无面者）,e:乌兹",无面者,r:势力,e:乌玛
"e:野人王子,e:野人王子",九人团,r:势力,e:乌木王子
"e:谢特家族,e:乌瑟・托勒特,e:乌勒家族,e:托伦特家族",乌瑟・托勒特男爵,r:现任领主,e:托勒特家族
e:奇斯威克,勇士团,r:势力,e:乌斯威克
e:夏德,石鸦部,r:势力,e:夏嘎
"e:帕尔家族,e:席奥・提利尔,e:渥尔菲家族,e:渥尔氏族,e:雨果・渥尔",渥尔家族,r:势力,e:席奥・渥尔
e:席奥・佛雷,三个孩子,r:子嗣,e:席奥・波林
"e:威尔斯家族（北境）,e:威廉・威尔斯,e:威尔",威尔斯家族,r:势力,e:西奥多・威尔斯
"e:领主（无面者）,e:斜眼珍妮",无面者,r:势力,e:斜眼
"e:乔佛里・斯汤顿,e:罗翰妮・维伯,e:西蒙・斯壮",罗翰妮・维伯子爵夫人,r:配偶,e:西蒙・斯汤顿
e:米斯・托因,御林兄弟会,r:势力,e:西蒙・托因
"e:罗兰・克雷赫（御林铁卫）,e:甜心",御林铁卫,r:势力,e:雄心
"e:阿兰・杜兰登三世,e:亚列克・杜兰登,e:罗兰德・布莱伍德,e:班吉寇・布莱伍德",阿兰・杜兰登三世之子,r:配偶,e:西蕊・布莱伍德
e:修夫・格兰德森,风吹团,r:势力,e:修夫・亨格福德
"e:巴利斯坦・赛尔弥,e:修夫・格兰德森",猫之团,r:势力,e:血胡子
"e:亚当・马尔布兰,e:乔佛里・瓦列利安,e:米斯・托因,e:埃林・瓦列利安",黑党,r:势力,e:亚当・瓦列利安
"e:领主（无面者）,e:玛格哈兹・佐・洛拉克",贤主,r:势力,e:亚克哈兹・佐・亚扎克
e:维拉尔,都城守备队,r:势力,e:亚拉尔・狄姆
"e:亚丽・艾林,e:伊丽",伊勒,r:子嗣,e:亚丽・艾林（雷格之妻）
e:亚丽・艾林,伊萝拉,r:子嗣,e:亚丽・艾林（雷格之妻）
"e:亚丽・艾林,e:丹妮莉丝・坦格利安",丹妮萝拉,r:子嗣,e:亚丽・艾林（雷格之妻）
"e:亚丽・佛雷,e:米亚・河文",绿党,r:势力,e:亚丽・河文
"e:亚丽・佛雷,e:米亚・河文,e:伊里斯・坦格利安二世,e:伊蒙德・坦格利安,e:戴蒙・坦格利安,e:亚莉珊・坦格利安,e:伊蒙・河文",伊蒙德・坦格利安（声称）,r:配偶,e:亚丽・河文
"e:亚丽・佛雷,e:米亚・河文",早产儿,r:子嗣,e:亚丽・河文
"e:亚丽・佛雷,e:米亚・河文",儿子（声称）,r:子嗣,e:亚丽・河文
"e:琼恩・史塔克,e:亚丽・史塔克,e:亚丽・卡史塔克,e:布兰登・史塔克（威廉之子）,e:布兰登・史塔克,e:布兰登・史塔克（冰眼）",布兰登・史塔克公爵,r:配偶,e:亚丽・卡史塔克（布兰登之妻）
"e:伊利克・卡盖尔,e:罗兰・克雷赫（御林铁卫）",御林铁卫,r:势力,e:亚历克・卡盖尔
e:伊利克・卡盖尔,绿党,r:势力,e:亚历克・卡盖尔
"e:伊利克・卡盖尔,e:帕尔家族,e:布克威尔家族",卡盖尔家族,r:势力,e:亚历克・卡盖尔
"e:瑟曦・兰尼斯特,e:亚莉珊・奥斯格雷,e:亚莉珊・史塔克,e:杰洛・兰尼斯特,e:蒂亚・兰尼斯特",杰洛・兰尼斯特公爵,r:配偶,e:亚莉珊・法曼
"e:琼恩・海塔尔,e:亚莉珊・布尔威,e:亚瑟・安布罗斯,e:亚瑟・戴恩",亚瑟・安布罗斯爵士,r:配偶,e:亚莉珊・海塔尔
"e:琼恩・史塔克,e:亚丽・卡史塔克,e:克雷根・史塔克,e:艾莉亚・史塔克,e:班扬・史塔克",克雷根・史塔克公爵,r:父亲,e:亚丽・史塔克
"e:琼恩・史塔克,e:亚丽・佛雷,e:亚莉珊・莱佛德,e:班扬・史塔克,e:亚莉珊・法曼,e:亚丽・卡史塔克,e:亚莉珊・史塔克,e:班吉寇・布莱伍德",亚莉珊・布莱伍德,r:母亲,e:亚丽・史塔克
"e:艾吉伦・奥克赫特,e:罗兰・克雷赫（御林铁卫）,e:埃林・奥克伍,e:艾雯・奥克赫特",御林铁卫,r:势力,e:亚历斯・奥克赫特
"e:乌瑞克・戴恩,e:亚夏拉・戴恩,e:罗兰・克雷赫（御林铁卫）",御林铁卫,r:势力,e:亚瑟・戴恩
"e:亚瑟・戴恩,e:阿莉里亚・戴恩",阿莉里亚,r:兄弟姐妹,e:亚夏拉・戴恩
e:亚瑟・戴恩,亚瑟,r:兄弟姐妹,e:亚夏拉・戴恩
e:亚瑟・戴恩,不知名的哥哥,r:兄弟姐妹,e:亚夏拉・戴恩
e:梅利亚德,耶达里,r:配偶,e:耶利亚
e:夜莺,原守夜人军团成员,r:势力,e:夜王
"e:伊蒙・坦格利安（梅卡一世之子）,e:伊蒙・坦格利安（杰赫里斯一世之子）,e:戴伦・坦格利安（韦赛里斯一世之子）,e:罗兰・克雷赫（御林铁卫）",御林铁卫,r:势力,e:伊蒙・坦格利安（韦赛里斯二世之子）
"e:丹妮莉丝・坦格利安,e:丹妮莉丝・坦格利安（伊耿四世之女）,e:伊耿・坦格利安一世,e:雷妮丝・坦格利安,e:贝尔隆・坦格利安（伊里斯之子）,e:雷加・坦格利安,e:伊蒙德・坦格利安,e:伊耿・坦格利安（雷加之子）",贝尔隆・坦格利安,r:父亲,e:伊耿・坦格利安（贝尔隆之子）
"e:丹妮莉丝・坦格利安（伊耿四世之女）,e:伊耿・坦格利安一世,e:伊蒙・坦格利安（杰赫里斯一世之子）,e:杰赫里斯・坦格利安二世,e:伊耿・坦格利安（伊里斯二世之子）,e:韦赛里斯・坦格利安一世,e:韦赛里斯・坦格利安（伊尼斯一世之子）",杰赫里斯一世,r:父亲,e:伊耿・坦格利安（杰赫里斯一世之子）
"e:丹妮莉丝・坦格利安,e:丹妮莉丝・坦格利安（伊耿四世之女）,e:伊耿・坦格利安一世,e:雷妮丝・坦格利安,e:雷妮丝・坦格利安（雷加之女）,e:雷加・坦格利安,e:伊蒙德・坦格利安",雷加・坦格利安王子,r:父亲,e:伊耿・坦格利安（雷加之子）
"e:丹妮莉丝・坦格利安,e:丹妮莉丝・坦格利安（伊耿四世之女）,e:伊耿・坦格利安一世,e:雷妮丝・坦格利安,e:雷妮丝・坦格利安（雷加之女）",雷妮丝,r:兄弟姐妹,e:伊耿・坦格利安（雷加之子）
"e:伊耿・坦格利安（雷加之子）,e:戴伦・坦格利安（梅卡一世之子）,e:伊蒙・坦格利安（梅卡一世之子）",次子团,r:势力,e:伊利昂・坦格利安（梅卡一世之子）
"e:伊耿・坦格利安一世,e:伊纳尔・坦格利安,e:伊耿・坦格利安（雷加之子）,e:戴伦・坦格利安（梅卡一世之子）,e:伊蒙・坦格利安（梅卡一世之子）,e:雷加・坦格利安,e:丹妮・坦格利安（梅卡一世之女）,e:贝妮拉・坦格利安,e:雷拉・坦格利安",丹妮萝拉・坦格利安,r:配偶,e:伊利昂・坦格利安（梅卡一世之子）
"e:戴伦・坦格利安一世,e:戴伦・坦格利安（梅卡一世之子）,e:伊蒙・坦格利安（梅卡一世之子）,e:戴蒙・坦格利安,e:戴安娜・坦格利安,e:亚瑟・戴恩,e:戴佛斯・戴恩",戴亚娜・戴恩,r:母亲,e:伊利昂・坦格利安（梅卡一世之子）
e:伊蒙・坦格利安（梅卡一世之子）,伊蒙学士,r:兄弟姐妹,e:伊利昂・坦格利安（梅卡一世之子）
"e:伊耿・坦格利安五世,e:伊耿・坦格利安一世,e:伊蒙・坦格利安（梅卡一世之子）,e:伊耿・坦格利安（雷加之子）,e:伊纳尔・坦格利安,e:戴伦・坦格利安（梅卡一世之子）",《伊戈》,r:兄弟姐妹,e:伊利昂・坦格利安（梅卡一世之子）
"e:戴伦・坦格利安（梅卡一世之子）,e:伊蒙・坦格利安（梅卡一世之子）,e:丹妮莉丝・坦格利安,e:丹妮・菲林特,e:丹妮・坦格利安（梅卡一世之女）",丹妮,r:兄弟姐妹,e:伊利昂・坦格利安（梅卡一世之子）
"e:伊耿・坦格利安（雷加之子）,e:戴伦・坦格利安（梅卡一世之子）,e:雷加・坦格利安,e:安德雷・达特,e:雷迩・坦格利安,e:伊蒙・坦格利安（梅卡一世之子）",雷迩,r:兄弟姐妹,e:伊利昂・坦格利安（梅卡一世之子）
"e:戴伦・坦格利安（梅卡一世之子）,e:戴伦・坦格利安一世,e:伊蒙・坦格利安（梅卡一世之子）,e:戴伦・坦格利安（梅卡一世之子）",《醉鬼》戴伦,r:兄弟姐妹,e:伊利昂・坦格利安（梅卡一世之子）
"e:戴伦・瓦列利安,e:伊耿・坦格利安一世,e:伊耿・坦格利安（雷加之子）,e:戴安娜・坦格利安,e:科利斯・瓦列利安（戴蒙之子）,e:伊利昂・坦格利安（梅卡一世之子）,e:伊纳尔・坦格利安,e:雷加・坦格利安,e:兰娜尔・瓦列利安,e:科利斯・瓦列利安",瓦莱安娜・瓦列利安,r:配偶,e:伊利昂・坦格利安（戴米昂之子）
"e:亚历克・卡盖尔,e:罗兰・克雷赫（御林铁卫）,e:罗德利克・艾林",御林铁卫,r:势力,e:伊利克・卡盖尔
"e:亚历克・卡盖尔,e:米斯・托因",黑党,r:势力,e:伊利克・卡盖尔
"e:亚历克・卡盖尔,e:帕尔家族,e:提利尔家族",卡盖尔家族,r:势力,e:伊利克・卡盖尔
"e:伊里斯・坦格利安二世,e:雷加・坦格利安,e:伊纳尔・坦格利安,e:雷格・坦格利安,e:伊耿・坦格利安一世,e:韦赛里斯・坦格利安一世",雷格王子209AC至215AC,r:继承人,e:伊里斯・坦格利安一世
"e:伊里斯・坦格利安二世,e:伊纳尔・坦格利安,e:杰赫里斯・坦格利安（伊耿二世之子）,e:韦赛里斯・坦格利安（伊尼斯一世之子）,e:伊耿・坦格利安一世,e:韦赛里斯・坦格利安一世,e:伊耿・坦格利安（雷加之子）,e:伊蒙・坦格利安（梅卡一世之子）",伊勒王子215AC至217AC,r:继承人,e:伊里斯・坦格利安一世
"e:伊里斯・坦格利安二世,e:雷拉・坦格利安,e:伊纳尔・坦格利安,e:伊耿・坦格利安一世,e:韦赛里斯・坦格利安一世",伊萝拉公主217AC至？,r:继承人,e:伊里斯・坦格利安一世
"e:伊里斯・坦格利安二世,e:梅卡・坦格利安一世,e:杰赫里斯・坦格利安（伊耿二世之子）,e:韦赛里斯・坦格利安（伊尼斯一世之子）,e:韦赛里斯・坦格利安一世,e:伊蒙・坦格利安（梅卡一世之子）",梅卡王子？至221AC,r:继承人,e:伊里斯・坦格利安一世
"e:伊里斯・坦格利安二世,e:戴伦・坦格利安二世,e:戴伦・坦格利安（梅卡一世之子）,e:韦赛里斯・坦格利安一世,e:秃鹰王（戴伦二世）,e:伊耿・坦格利安二世,e:戴伦・坦格利安一世",戴伦二世,r:父亲,e:伊里斯・坦格利安一世
"e:伊里斯・坦格利安二世,e:韦赛里斯・坦格利安一世",无,r:子嗣,e:伊里斯・坦格利安一世
"e:琼恩・雪诺,e:伊班（守夜人）,e:梅森特",守夜人,r:势力,e:伊梅特
"e:伊蒙・坦格利安（韦赛里斯二世之子）,e:伊蒙・坦格利安（梅卡一世之子）,e:杰赫里斯・坦格利安二世,e:伊耿・坦格利安（杰赫里斯一世之子）",杰赫里斯一世,r:父亲,e:伊蒙・坦格利安（杰赫里斯一世之子）
"e:伊蒙・坦格利安（韦赛里斯二世之子）,e:伊蒙・坦格利安（梅卡一世之子）,e:雷妮亚・坦格利安（伊尼斯一世之女）,e:伊耿・坦格利安（雷加之子）,e:伊耿・坦格利安（杰赫里斯一世之子）,e:丹妮・坦格利安（杰赫里斯一世之女）,e:雷加・坦格利安,e:丹妮莉丝・坦格利安（伊耿四世之女）,e:雷妮丝・坦格利安,e:雷妮丝・坦格利安（伊蒙之女）,e:雷妮亚・坦格利安（伊耿三世之女）",雷妮丝,r:子嗣,e:伊蒙・坦格利安（杰赫里斯一世之子）
"e:伊蒙・坦格利安（韦赛里斯二世之子）,e:伊蒙・坦格利安（梅卡一世之子）,e:奈丽诗・坦格利安,e:伊耿・坦格利安五世,e:伊耿・坦格利安一世,e:伊耿・坦格利安（雷加之子）,e:伊耿・坦格利安（杰赫里斯一世之子）,e:雷加・坦格利安,e:亚莉珊・坦格利安,e:戴蒙・坦格利安",亚莉珊・坦格利安王后,r:母亲,e:伊蒙・坦格利安（杰赫里斯一世之子）
"e:伊蒙・坦格利安（韦赛里斯二世之子）,e:伊蒙・坦格利安（梅卡一世之子）,e:伊耿・坦格利安（杰赫里斯一世之子）",其他12个兄弟姐妹,r:兄弟姐妹,e:伊蒙・坦格利安（杰赫里斯一世之子）
"e:琼恩・雪诺,e:伊蒙・坦格利安（韦赛里斯二世之子）,e:伊蒙・坦格利安（杰赫里斯一世之子）,e:伊班（守夜人）,e:戴伦・坦格利安（梅卡一世之子）,e:伊利昂・坦格利安（梅卡一世之子）",守夜人,r:势力,e:伊蒙・坦格利安（梅卡一世之子）
"e:山姆威尔・戴恩,e:伊蒙・坦格利安（韦赛里斯二世之子）,e:伊蒙・坦格利安（杰赫里斯一世之子）,e:伊耿・坦格利安五世,e:奈丽诗・坦格利安,e:亚瑟・戴恩,e:戴伦・坦格利安一世,e:戴伦・坦格利安（梅卡一世之子）,e:戴安娜・坦格利安,e:戴蒙・坦格利安,e:乔佛里・戴恩,e:戴佛斯・戴恩,e:伊利昂・坦格利安（梅卡一世之子）,e:杰洛・戴恩",戴亚娜・戴恩,r:母亲,e:伊蒙・坦格利安（梅卡一世之子）
e:伊利昂・坦格利安（梅卡一世之子）,《明焰》伊利昂,r:兄弟姐妹,e:伊蒙・坦格利安（梅卡一世之子）
"e:伊蒙・坦格利安（韦赛里斯二世之子）,e:伊蒙・坦格利安（杰赫里斯一世之子）,e:伊耿・坦格利安五世,e:伊耿・坦格利安五世,e:伊蒙德・坦格利安,e:伊耿・坦格利安一世,e:伊耿・坦格利安（雷加之子）,e:戴伦・坦格利安（梅卡一世之子）,e:伊利昂・坦格利安（梅卡一世之子）",《伊戈》,r:兄弟姐妹,e:伊蒙・坦格利安（梅卡一世之子）
"e:伊蒙・坦格利安（韦赛里斯二世之子）,e:伊蒙・坦格利安（杰赫里斯一世之子）,e:丹妮・菲林特,e:丹妮・坦格利安（梅卡一世之女）,e:戴伦・坦格利安（梅卡一世之子）,e:丹妮莉丝・坦格利安,e:丹妮莉丝・坦格利安,e:丹妮莉丝・坦格利安（伊耿四世之女）,e:伊利昂・坦格利安（梅卡一世之子）",丹妮,r:兄弟姐妹,e:伊蒙・坦格利安（梅卡一世之子）
"e:伊蒙・坦格利安（韦赛里斯二世之子）,e:伊蒙・坦格利安（杰赫里斯一世之子）,e:雷蒙,e:伊耿・坦格利安（雷加之子）,e:戴伦・坦格利安（梅卡一世之子）,e:雷迩・坦格利安,e:瓦迩,e:雷加・坦格利安,e:伊利昂・坦格利安（梅卡一世之子）",雷迩,r:兄弟姐妹,e:伊蒙・坦格利安（梅卡一世之子）
"e:伊蒙・坦格利安（韦赛里斯二世之子）,e:伊蒙・坦格利安（杰赫里斯一世之子）,e:戴伦・坦格利安（梅卡一世之子）,e:戴伦・坦格利安一世,e:伊利昂・坦格利安（梅卡一世之子）,e:戴伦・坦格利安（梅卡一世之子）",《醉鬼》戴伦,r:兄弟姐妹,e:伊蒙・坦格利安（梅卡一世之子）
e:哈尔顿,后党,r:势力,e:阴沉的多尔顿
"e:琼恩・雪诺,e:伊班（守夜人）,e:伊丽",守夜人,r:势力,e:伊希
e:领主（无面者）,无面者,r:势力,e:伊兹巴洛
"e:琼恩・雪诺,e:胡伦,e:伊班（守夜人）",守夜人,r:势力,e:尤伦
"e:维克塔利昂・葛雷乔伊,e:伊伦・葛雷乔伊,e:凯特琳・徒利,e:桑德利家族,e:罗德利克・葛雷乔伊",桑德利夫人,r:母亲,e:攸伦・葛雷乔伊
"e:诺勃特・凡斯,e:凯司・凡斯",诺勃特・凡斯伯爵,r:父亲,e:雨果・凡斯
"e:托曼・徒利,e:艾德慕・徒利,e:瓦德・凡斯",艾德慕・徒利公爵,r:好友,e:雨果・凡斯
"e:琼恩・安柏（大琼恩）,e:琼恩・凡斯",琼恩,r:兄弟姐妹,e:雨果・凡斯
"e:埃勒里・凡斯,e:凯司・凡斯",埃勒里,r:兄弟姐妹,e:雨果・凡斯
"e:罗纳德・凡斯,e:瓦德・凡斯",罗纳德,r:兄弟姐妹,e:雨果・凡斯
e:凯司・凡斯,凯司,r:兄弟姐妹,e:雨果・凡斯
"e:琼恩・林德利,e:詹德尔",无旗兄弟会,r:势力,e:詹德利
e:保罗,勇士团,r:势力,e:佐罗
"e:简妮・戴瑞,e:戴瑞城的戴莫",戴瑞城的戴瑞家族（旧主，现已灭绝）,r:执政者,e:戴瑞城
"e:简妮・戴瑞,e:戴瑞城的兰尼斯特家族,e:戴瑞城的戴莫",戴瑞城的兰尼斯特家族（旧主，已主动放弃）,r:执政者,e:戴瑞城
"e:伊根家族,e:宇家族",Newkeep,r:封地,e:赫席家族
"e:昆廷・波尔,e:鲁特格尔家族,e:科格尔总司令,e:科尔家族",昆廷・科格尔,r:现任领主,e:科格尔家族
"e:古利安・史文,e:科尔家族,e:科格尔总司令,e:鲁特格尔家族",古利安・科格尔,r:继承人,e:科格尔家族
"e:布兰・史塔克,e:史塔克家族,e:临冬城的波顿家族",史塔克家族（五王之战时被放逐）,r:执政者,e:临冬城
"e:布兰・史塔克,e:波顿家族,e:临冬城的波顿家族",临冬城的波顿家族，封建领主,r:执政者,e:临冬城
"e:班佛特家族,e:亨特家族,e:夜歌城的福特家族",银山城,r:封地,e:沙略特家族
e:达斯丁家族,达斯丁家族，领主,r:执政者,e:荒冢厅
"e:曼德勒家族,e:红堡",曼德勒家族，封臣,r:执政者,e:新堡